Buyer Full Name,Buyer SSN,Seller Full Name,Seller SSN,Witness Full Name,Witness SSN,Property Address,City,State,Square Feet,Property Category,Closing Date,Sale Amount (USD),Notes
Nathan Frank,582-77-1392,Elijah Johnson,333-08-4807,,,"38367 Teresa Divide Suite 103, Aaronfurt, PR 68626",Aaronfurt,PR,1389,Single-Family Home,2024-04-03,327498,
Mason Johnson,491-52-6985,Sandra Miller,,,,"2190 Kelly Harbor Apt. 842, Ortizfort, MT 60443",Ortizfort,MT,4774,Multi-Family,2021-12-10,938684,
Amanda Reese,,Sarah Phelps,,,,"9030 Gonzales Plains, East Carlos, PA 28978",East Carlos,PA,,Land/Lot,2023-03-02,102784,
Jordan York,071-77-1114,Mary Steele,030-24-4478,Joshua Kim,613-06-7079,"632 Peck Stravenue Suite 327, East Colin, LA 67967",East Colin,LA,2648,Single-Family Home,2022-11-10,668858,
Joshua Kim,613-06-7079,Susan Brooks,733-26-1246,Michael Cross,803-72-7974,"182 Jones Port, Haynesstad, NH 08664",Haynesstad,NH,1573,Condominium,2021-09-08,466656,
Kelly Hartman,164-54-8898,Michael Fox,,Anna Walker,219-85-5438,"015 Allen Row Apt. 056, Michaelborough, WV 15361",Michaelborough,WV,1539,Townhouse,2023-01-28,404500,
Mary Marshall,,Allison Hill,229-18-1680,,,"960 Preston Isle, Johnsonview, MO 91008",Johnsonview,MO,9439,Commercial,2023-03-13,2921169,1031 exchange
Erik Scott,157-88-7771,Sandra Sanchez,,,,"1545 Green Station, Annaport, ME 85890",Annaport,ME,1766,Single-Family Home,2024-12-12,362024,Short sale
Desiree Tyler,425-44-8319,Katherine Chang,,,,"5892 Kramer Springs Apt. 017, Summersfort, KY 02635",Summersfort,KY,11439,Commercial,2021-06-11,2971822,1031 exchange
Annette Miles,874-84-9034,Zachary Ferrell,076-69-3493,,,"67888 Garcia Corners, Kathleenville, DC 46889",Kathleenville,DC,,Land/Lot,2023-03-26,306910,Cash sale
Shannon Mcclure,798-55-3586,Anthony Stone,638-97-8168,,,"12172 Osborn Valleys Suite 518, Lewisport, UT 71564",Lewisport,UT,1717,Condominium,2023-04-29,228846,Below market
Lisa Crosby,287-05-6071,Maria Henry,812-03-1525,Rachel Carlson,,"6465 Sarah Flats, Kellyfort, OK 78125",Kellyfort,OK,2286,Multi-Family,2022-05-18,486489,
David Grant,427-78-9767,Rebecca Rodriguez,888-04-2160,,,"8039 Kelly Villages, East Craig, TN 23269",East Craig,TN,2941,Single-Family Home,2024-05-24,661306,
John Hancock,,Heather Fields,,Kimberly Robinson,604-36-0107,"584 Mario Squares, Port Jamie, IL 38857",Port Jamie,IL,1731,Townhouse,2023-02-12,463510,
Kimberly Scott,006-91-0117,John Hall,880-11-4642,Autumn Smith,671-27-5176,"8695 Braun Locks Apt. 688, Coxberg, NE 63739",Coxberg,NE,3354,Multi-Family,2022-01-14,675353,
Erica Keith,429-78-4068,Victor Waller,464-18-2264,Carrie Ochoa,107-50-9840,"833 Claudia Highway Suite 228, Morrisonhaven, ME 71606",Morrisonhaven,ME,,Land/Lot,2022-01-29,122060,
Michele Williams,,William Richardson,661-46-0993,,,"6471 King Gateway Suite 993, Trevorland, GA 60513",Trevorland,GA,,Land/Lot,2023-05-08,139393,
Taylor Coleman,,Dustin Jordan,,Rebecca Ramsey,861-60-2092,"07029 Underwood Locks Suite 066, Lambland, MH 23151",Lambland,MH,,Land/Lot,2021-03-19,107320,
Mrs. Brittany Ryan MD,,Andrew Clark,811-47-6359,Heather Foster,601-26-8483,"05411 Ford Plaza Apt. 793, West Williamport, NH 42644",West Williamport,NH,,Land/Lot,2024-11-02,441303,
Lindsey Johnson,235-87-9425,Christopher Smith,547-17-4495,,,"584 Mario Squares, Port Jamie, IL 38857",Port Jamie,IL,1731,Townhouse,2023-08-13,460212,Cash sale
Terri Mckinney,691-96-8748,Jeremy Young,,Heather Foster,601-26-8483,"40415 Douglas Summit Suite 338, Huangfurt, GU 36038",Huangfurt,GU,1146,Condominium,2024-06-05,355935,
Ms. Susan Vargas,,Carmen Rose,622-55-3471,,,"38367 Teresa Divide Suite 103, Aaronfurt, PR 68626",Aaronfurt,PR,1389,Single-Family Home,2024-12-06,296680,
Dana Kennedy,417-25-1546,Vanessa Patel,129-17-7788,Johnny Nguyen,500-28-5814,"303 Sandy Crescent Suite 990, Peterland, ME 41040",Peterland,ME,,Land/Lot,2024-09-18,128528,Contingent on inspection
James Salinas,559-38-2361,Michael Obrien,289-98-7171,,,"39431 Emily Port, Jasonhaven, FL 07629",Jasonhaven,FL,1426,Condominium,2022-02-12,413094,
Carrie Ochoa,107-50-9840,Erica Keith,429-78-4068,,,"833 Claudia Highway Suite 228, Morrisonhaven, ME 71606",Morrisonhaven,ME,,Land/Lot,2022-01-05,90415,
Parker Hill,,Carmen Rose,622-55-3471,Laura Hines,,"0544 Cameron Walks Apt. 324, North Julie, PW 97982",North Julie,PW,,Land/Lot,2021-07-28,341484,
Maria Henry,812-03-1525,John Hancock,,Heather Foster,601-26-8483,"8580 Payne Manors, Dunnville, OK 13924",Dunnville,OK,,Land/Lot,2022-12-03,155876,
Joshua Kim,613-06-7079,Gina Wilson,078-19-3697,Annette Miles,874-84-9034,"271 Patrick Street Apt. 155, Lake Matthewville, VI 39724",Lake Matthewville,VI,3811,Multi-Family,2021-11-02,665370,
Elizabeth Brown,047-39-4765,Joseph Warren,445-88-2193,,,"821 Dawson Turnpike, East Jeffreyberg, IL 05398",East Jeffreyberg,IL,8120,Commercial,2023-11-29,2352324,
Elijah Johnson,333-08-4807,Jennifer Jones,,,,"1545 Green Station, Annaport, ME 85890",Annaport,ME,1766,Single-Family Home,2021-11-11,435773,Contingent on inspection
Brooke Glover,799-12-2121,Madeline Powell,489-50-0077,Mrs. Amy Hayes,215-98-2763,"300 Jeremy Wells Suite 421, New Jamesstad, AL 50773",New Jamesstad,AL,,Land/Lot,2022-07-26,292480,
Parker Cain,570-08-9609,Bruce Collier,511-92-4782,,,"537 Ford Walk, East Shannonmouth, MT 16218",East Shannonmouth,MT,3697,Multi-Family,2021-07-19,682273,Contingent on inspection
Mason Johnson,491-52-6985,Susan Rivas,264-62-4836,,,"5060 Shaw Freeway, Port Samuel, PW 51116",Port Samuel,PW,9504,Commercial,2022-02-28,2923626,1031 exchange
Jamie Stewart,,William Huerta,,,,"1531 Anderson Knoll, Zavalaview, WA 72068",Zavalaview,WA,990,Townhouse,2024-07-21,289040,Estate sale
Michelle Wagner,851-71-7306,Rachel Carlson,,,,"0602 Mercedes Rue, Frankview, WA 30006",Frankview,WA,1380,Townhouse,2023-05-30,346909,
Olivia Brennan,037-80-1122,Richard Young,332-03-2855,Elijah Johnson,333-08-4807,"6465 Sarah Flats, Kellyfort, OK 78125",Kellyfort,OK,2286,Multi-Family,2022-01-22,511185,
Andrew Diaz,,Elijah Johnson,333-08-4807,,,"5269 Diaz Springs, South Danielle, CA 23146",South Danielle,CA,,Land/Lot,2022-01-16,315155,
Gina Wilson,078-19-3697,Frederick Tate,058-30-0526,,,"806 Castillo Tunnel, Patrickchester, ID 64028",Patrickchester,ID,2999,Multi-Family,2024-07-08,576652,Cash sale
Anthony Rodriguez,643-21-6917,William Richardson,661-46-0993,Hannah Patterson,,"0614 Gonzalez Burg, South Ashleyfort, FL 27626",South Ashleyfort,FL,4509,Multi-Family,2022-03-24,1011205,Cash sale
Jordan Frazier,,Patrick Moore,425-84-1623,Parker Cain,570-08-9609,"44375 Bailey Underpass Suite 419, Leebury, KY 89187",Leebury,KY,,Land/Lot,2023-12-05,401027,Foreclosure
Ana Hill,649-75-8985,Desiree Smith,196-11-3955,,,"0714 Knapp Corner, South Neil, NH 15714",South Neil,NH,4148,Single-Family Home,2024-06-30,1028529,Contingent on inspection
Aaron Hayes,,Alyssa Gonzalez,,,,"5892 Kramer Springs Apt. 017, Summersfort, KY 02635",Summersfort,KY,11439,Commercial,2022-11-12,3529249,Contingent on inspection
Anthony Carter,,Nicholas Martin,389-35-9126,,,"60422 Dustin Islands, Ashleyhaven, MH 32948",Ashleyhaven,MH,1506,Commercial,2021-04-12,358341,
Brian Bruce,377-15-4565,Natasha Wells,266-97-4051,,,"82422 Donovan Fork, Port Tammy, NE 45854",Port Tammy,NE,685,Condominium,2021-10-05,252936,Foreclosure
Jacob Tran,,Alex Spencer,603-29-0118,,,"08484 Wayne Square Suite 211, Hopkinstown, AL 69233",Hopkinstown,AL,2777,Single-Family Home,2023-04-30,602356,Cash sale
Dana Marshall,625-86-6210,Belinda Mccullough,,,,"8580 Payne Manors, Dunnville, OK 13924",Dunnville,OK,,Land/Lot,2021-09-17,200909,
Mrs. Amy Hayes,215-98-2763,Carrie Ochoa,107-50-9840,Michael Calhoun,,"904 Schwartz Circle Apt. 742, Youngview, MA 53639",Youngview,MA,1366,Townhouse,2024-09-02,381998,
Roberta Hughes,680-84-2493,Patrick Arnold,,,,"4479 Jackson Mills, New Kelly, CT 46578",New Kelly,CT,8507,Commercial,2022-08-28,2169104,
Alicia Hubbard,,Melissa Hernandez,831-73-4979,,,"685 Campos Dam, Hickmanport, GA 90850",Hickmanport,GA,2006,Multi-Family,2024-03-18,345530,
Mary Valdez MD,707-15-6829,Caleb King,719-20-3367,Martin Wise,639-07-9731,"926 William River Apt. 411, West Robertville, TN 65740",West Robertville,TN,3657,Multi-Family,2022-02-22,893369,
Sandra Sanchez,,James Lewis,335-44-6212,,,"8662 Miller River, Kristenmouth, NM 39216",Kristenmouth,NM,,Land/Lot,2024-11-01,102266,
Arthur Colon,,Sabrina Austin,659-72-0431,,,"22927 Robert Springs Apt. 794, Nancyberg, PA 99118",Nancyberg,PA,2138,Townhouse,2022-12-07,655636,Short sale
Jennifer Rivera,117-62-7845,Christine Lopez,371-78-1939,Kevin Holland,421-03-3993,"202 Nielsen Path, East Ashleyburgh, DC 53644",East Ashleyburgh,DC,3747,Commercial,2022-04-18,1027445,
Ray Walsh,,Michael Mitchell,233-96-1481,,,"6586 Maria Turnpike Apt. 271, South Samuelchester, GA 04880",South Samuelchester,GA,4734,Multi-Family,2024-12-12,802734,Contingent on inspection
Ryan Stokes,536-14-0415,Erica Wilson,361-72-7871,,,"406 Butler Turnpike, Lake Deborah, MS 90304",Lake Deborah,MS,1730,Single-Family Home,2023-11-03,384922,
Andrew Clark,811-47-6359,Keith Knight,894-19-7922,,,"5779 Warren Dam Suite 231, Kaufmanbury, NC 67942",Kaufmanbury,NC,,Land/Lot,2024-01-07,280657,
Norman Cook,422-86-4066,Lindsey Johnson,235-87-9425,Maria Henry,812-03-1525,"86688 Paul Glens Apt. 517, Meredithberg, AS 49138",Meredithberg,AS,1265,Townhouse,2024-10-16,318489,Estate sale
Janice Carlson,480-68-4120,Gina Beard,,Maria Henry,812-03-1525,"75884 Nathan Summit, North Alexander, DC 35728",North Alexander,DC,,Land/Lot,2023-08-11,198097,1031 exchange
Paul Young,,Michael White,180-11-9986,,,"83301 Rivera Mountains, Derrickshire, IA 13679",Derrickshire,IA,821,Condominium,2023-01-30,306480,Foreclosure
Marie Kim DDS,124-32-3682,Corey Murphy,886-09-4574,,,"622 Patel Forks Suite 160, Keithville, AL 57677",Keithville,AL,1497,Condominium,2022-03-24,488337,1031 exchange
Elizabeth Ortiz,,Heather Fields,,Laura Hines,,"731 Donald Crossing Suite 565, Jenniferberg, PW 18828",Jenniferberg,PW,1646,Condominium,2022-08-16,457228,
William Richardson,661-46-0993,Susan Rivas,264-62-4836,,,"8831 Garcia Underpass Apt. 100, Loriburgh, AK 29636",Loriburgh,AK,4685,Commercial,2023-08-10,1134793,Contingent on inspection
Dr. Ashley James MD,,Thomas Schmidt,,,,"403 Joyce Centers Apt. 343, West Russellport, TX 18488",West Russellport,TX,1483,Townhouse,2023-11-14,463352,Contingent on inspection
James Lewis,335-44-6212,Alex Hernandez,,,,"59774 Shaw Manor Apt. 392, Youngbury, ME 33269",Youngbury,ME,1302,Condominium,2021-07-25,409803,
Dr. Ashley James MD,,Steve Newton,160-35-4617,,,"05411 Ford Plaza Apt. 793, West Williamport, NH 42644",West Williamport,NH,,Land/Lot,2022-05-11,255279,Foreclosure
Elijah Johnson,333-08-4807,Kristina Santiago,421-46-6930,Amber Obrien,509-37-3771,"960 Preston Isle, Johnsonview, MO 91008",Johnsonview,MO,9439,Commercial,2024-06-01,2550388,
Michele Williams,,Brett Schultz,894-13-7270,,,"696 Michael Vista Suite 924, Emilyfort, NC 81042",Emilyfort,NC,2035,Townhouse,2023-09-10,543246,1031 exchange
David Scott,010-60-4713,Courtney Mills,462-57-4872,Ellen Morgan,007-24-2348,"59774 Shaw Manor Apt. 392, Youngbury, ME 33269",Youngbury,ME,1302,Condominium,2022-05-06,422975,1031 exchange
Juan Tran,096-29-1859,Anthony Carter,,,,"722 Jennifer Mount Apt. 430, Lisaburgh, MP 26645",Lisaburgh,MP,2566,Single-Family Home,2022-05-29,524168,Cash sale
Christopher Jenkins,508-37-6562,Adam Jones,708-20-8939,,,"35733 Eric Hill Apt. 888, Romerotown, MN 05448",Romerotown,MN,1157,Condominium,2022-12-23,383204,
Megan Richards,843-82-6087,Jamie Stewart,,,,"226 Johnson Ridges Apt. 796, Mullenbury, AS 51466",Mullenbury,AS,3336,Multi-Family,2023-07-30,570936,Short sale
Amanda Reese,,Lindsey Johnson,235-87-9425,Rebecca Ramsey,861-60-2092,"667 Cynthia Trafficway Apt. 684, Burnsshire, SC 91557",Burnsshire,SC,1487,Townhouse,2022-07-08,342726,
Joseph Ramos,285-24-9591,Colton Martinez,869-59-1502,,,"114 Key Stravenue, Angelastad, NH 63240",Angelastad,NH,10552,Commercial,2024-10-25,2557401,
Maria Harper,022-07-5465,Michael Elliott,224-60-4199,,,"25286 Carlson Ports Suite 627, Lake Dennisville, IA 83797",Lake Dennisville,IA,992,Condominium,2021-07-23,382053,Contingent on inspection
Joseph Coleman,,Andrew Diaz,,Jeffrey Chavez,740-93-4316,"12172 Osborn Valleys Suite 518, Lewisport, UT 71564",Lewisport,UT,1717,Condominium,2024-06-14,610171,Short sale
Haley Hartman,,Roberta Hughes,680-84-2493,,,"8580 Payne Manors, Dunnville, OK 13924",Dunnville,OK,,Land/Lot,2022-08-03,263117,Contingent on inspection
Aaron Powers,114-74-8096,Curtis Baker,536-26-5865,Elizabeth Williams,509-27-7876,"3744 Williams Via, North Kimberly, CA 23399",North Kimberly,CA,5713,Multi-Family,2023-02-06,2017630,
Parker Cain,570-08-9609,Tyler Holmes,052-72-4083,Wanda Torres,636-08-9989,"86688 Paul Glens Apt. 517, Meredithberg, AS 49138",Meredithberg,AS,1265,Townhouse,2022-07-26,339410,Cash sale
Mason Johnson,491-52-6985,John Peterson,053-33-7828,,,"0614 Gonzalez Burg, South Ashleyfort, FL 27626",South Ashleyfort,FL,4509,Multi-Family,2021-11-20,713856,1031 exchange
Victoria Garcia,413-94-5560,Jessica Wright,866-39-3264,Mary Nguyen,714-38-9084,"46618 Ashley Extension Suite 224, New Carlymouth, VI 39970",New Carlymouth,VI,,Land/Lot,2022-11-27,176167,
Joseph Ramos,285-24-9591,Randy Shah,021-98-9433,,,"5187 Miguel Highway Suite 937, Jonesmouth, VI 48771",Jonesmouth,VI,1360,Townhouse,2022-11-01,334900,Cash sale
Maria Kerr,,Renee Blair,,,,"49021 Elizabeth Valley Suite 938, Williamsmouth, NH 08494",Williamsmouth,NH,8491,Commercial,2023-04-16,1958820,
John Hancock,,Anthony Stone,638-97-8168,,,"072 Carolyn Branch, West Denise, NY 29830",West Denise,NY,1587,Townhouse,2024-06-10,478992,Estate sale
Joshua Kim,613-06-7079,Jeffrey Meyer,826-69-3229,Raymond Hancock,845-01-8890,"175 Laura Locks, Shawnfort, MD 29052",Shawnfort,MD,1480,Condominium,2024-06-16,525659,Short sale
Shelly Alexander,,Paul Jones,,,,"4615 Stevens Gardens Apt. 410, East James, NC 12756",East James,NC,4614,Commercial,2024-03-21,1128217,Short sale
Brooke Thompson,,Cameron Fisher,,,,"05411 Ford Plaza Apt. 793, West Williamport, NH 42644",West Williamport,NH,,Land/Lot,2021-05-05,311124,Estate sale
Joshua Kim,613-06-7079,Lisa Allen,,,,"24241 Wright Landing Apt. 064, Port Ericmouth, AL 95657",Port Ericmouth,AL,,Land/Lot,2021-09-25,254269,
Carolyn Howard,449-80-4396,Sarah Ward,694-41-6980,Anna Chang,047-02-2268,"7467 Banks Union Apt. 120, West Lisaburgh, DE 21393",West Lisaburgh,DE,3128,Single-Family Home,2022-10-27,992246,
David Bradley,081-11-7963,Latoya Robbins,218-84-8180,Andrew Diaz,,"1531 Anderson Knoll, Zavalaview, WA 72068",Zavalaview,WA,990,Townhouse,2024-09-30,215177,
John Peterson,053-33-7828,Trevor Fisher,,,,"4479 Jackson Mills, New Kelly, CT 46578",New Kelly,CT,8507,Commercial,2023-06-08,2745609,
Sandra Sanchez,,Susan Hopkins,,,,"2190 Kelly Harbor Apt. 842, Ortizfort, MT 60443",Ortizfort,MT,4774,Multi-Family,2024-04-26,1064476,
Deborah Ramsey,,Samantha White,,Jesse Garza,236-49-6316,"91279 Natalie Place Apt. 172, North Allen, NC 79599",North Allen,NC,1138,Condominium,2023-01-02,399126,
Jonathan Peterson,870-54-8032,Erin Warner,278-40-4119,,,"5892 Kramer Springs Apt. 017, Summersfort, KY 02635",Summersfort,KY,11439,Commercial,2022-12-04,1723173,Below market
Lisa Barnes,598-73-8566,Brian Bruce,377-15-4565,Richard Rodriguez,894-05-7712,"8149 Tyler Pass Suite 079, Port Rachelmouth, AS 22374",Port Rachelmouth,AS,6991,Commercial,2021-05-31,2198835,
Richard Baker,639-89-6513,Dylan Miller,,,,"0714 Knapp Corner, South Neil, NH 15714",South Neil,NH,4148,Single-Family Home,2022-09-13,889179,
Ashley Lee,,Debbie Carpenter,272-05-1777,Stephanie Lucas,317-57-0547,"953 Walter Shore Apt. 644, East Williamport, IN 08490",East Williamport,IN,6925,Commercial,2021-12-22,1927969,Foreclosure
Jordan Frazier,,Jason Bentley,694-96-2852,,,"22356 Thomas Wall Apt. 175, Port Erinhaven, ME 83211",Port Erinhaven,ME,3355,Multi-Family,2024-05-24,594870,
Heather Fields,,Roberta Hughes,680-84-2493,,,"59325 Samantha Vista Suite 002, North Brianbury, AK 77389",North Brianbury,AK,,Land/Lot,2024-10-23,143879,
Kimberly Burgess,,Raymond Hancock,845-01-8890,Diane Beck,635-43-1531,"999 Thomas Fields, Stevenville, NJ 66099",Stevenville,NJ,2899,Single-Family Home,2021-09-26,694477,1031 exchange
Jason Peterson,,Adam Jones,708-20-8939,,,"806 Castillo Tunnel, Patrickchester, ID 64028",Patrickchester,ID,2999,Multi-Family,2021-01-09,233524,Below market
Carmen Rose,622-55-3471,Belinda Mccullough,,Jeffrey Henderson,479-94-0888,"303 Sandy Crescent Suite 990, Peterland, ME 41040",Peterland,ME,,Land/Lot,2022-07-20,280778,Contingent on inspection
Michelle Wagner,851-71-7306,Dana Kennedy,417-25-1546,Brooke Thompson,,"0602 Mercedes Rue, Frankview, WA 30006",Frankview,WA,1380,Townhouse,2024-11-15,407868,1031 exchange
Jessica Wright,866-39-3264,Erin Warner,278-40-4119,,,"622 Patel Forks Suite 160, Keithville, AL 57677",Keithville,AL,1497,Condominium,2024-03-05,555040,
Brian Bruce,377-15-4565,Trevor Fisher,,,,"696 Michael Vista Suite 924, Emilyfort, NC 81042",Emilyfort,NC,2035,Townhouse,2024-02-07,623960,1031 exchange
Brandi Bailey,071-32-6055,Mary Steele,030-24-4478,Michael Calhoun,,"8695 Braun Locks Apt. 688, Coxberg, NE 63739",Coxberg,NE,3354,Multi-Family,2024-08-31,517453,
Mary Steele,030-24-4478,Frederick Tate,058-30-0526,,,"584 Mario Squares, Port Jamie, IL 38857",Port Jamie,IL,1731,Townhouse,2024-10-31,441693,
Jennifer Jones,,Rachel Carlson,,Brandi Bailey,071-32-6055,"2353 Hudson Gardens Suite 854, Lake Dustin, KS 64545",Lake Dustin,KS,2392,Townhouse,2022-12-15,714538,
Ray Walsh,,Savannah Garcia,,,,"20472 West Avenue Apt. 043, West Jeffreymouth, CT 20098",West Jeffreymouth,CT,1004,Townhouse,2022-09-26,253325,Foreclosure
Aaron Bell,772-50-6866,Olivia Harris,563-17-4720,,,"941 Wendy Flat, East Madison, MN 85171",East Madison,MN,,Land/Lot,2022-01-29,178773,
Jeffrey Henderson,479-94-0888,Courtney Mills,462-57-4872,,,"755 Hines Ports, Michaelshire, AZ 18548",Michaelshire,AZ,1508,Single-Family Home,2023-11-06,384294,Short sale
Jesse Garza,236-49-6316,Samantha White,,,,"0863 Clarke Light Suite 991, Port Erikachester, NC 56270",Port Erikachester,NC,4804,Commercial,2023-02-04,1141809,
Paul Young,,Ms. Susan Vargas,,,,"53654 Ashley Crest Apt. 238, Port Austin, AS 06520",Port Austin,AS,,Land/Lot,2022-12-17,73982,Estate sale
Andrea Martin,,Shelly Alexander,,,,"8662 Miller River, Kristenmouth, NM 39216",Kristenmouth,NM,,Land/Lot,2021-10-08,260656,
Michelle Schmitt,,Eric Powell,,,,"786 Frye Mount Suite 854, Lake Devinborough, OH 80464",Lake Devinborough,OH,,Land/Lot,2024-12-19,354637,1031 exchange
Jason Bentley,694-96-2852,Robert Costa,,Heather Foster,601-26-8483,"696 Michael Vista Suite 924, Emilyfort, NC 81042",Emilyfort,NC,2035,Townhouse,2023-06-16,626798,
Alicia Hubbard,,Valerie Gray,566-38-5926,James Baker,127-59-6039,"786 Frye Mount Suite 854, Lake Devinborough, OH 80464",Lake Devinborough,OH,,Land/Lot,2022-06-28,87472,Short sale
James Lewis,335-44-6212,Annette Farmer,641-28-4336,,,"632 Peck Stravenue Suite 327, East Colin, LA 67967",East Colin,LA,2648,Single-Family Home,2023-08-07,708332,Estate sale
Thomas Schmidt,,Michael Martinez,,Jeremy Young,,"0345 Michelle Isle Suite 156, West Sarahhaven, MO 52932",West Sarahhaven,MO,1136,Condominium,2023-10-31,390352,Foreclosure
Brenda White,,Ellen Morgan,007-24-2348,,,"303 Sandy Crescent Suite 990, Peterland, ME 41040",Peterland,ME,,Land/Lot,2024-08-13,233681,
Patrick Arnold,,Andrew Shaw MD,,,,"3315 Buchanan Stravenue, Port Jennamouth, NV 00668",Port Jennamouth,NV,2546,Multi-Family,2023-10-25,556991,Cash sale
Nicholas Sims,745-10-0306,Lindsey Johnson,235-87-9425,,,"8039 Kelly Villages, East Craig, TN 23269",East Craig,TN,2941,Single-Family Home,2023-02-27,323464,Below market
Amber Obrien,509-37-3771,Michael Elliott,224-60-4199,Michael Calhoun,,"722 Jennifer Mount Apt. 430, Lisaburgh, MP 26645",Lisaburgh,MP,2566,Single-Family Home,2023-07-30,580143,
Anthony Carter,,Phillip Clark,222-30-5384,,,"37524 Sharon Stream Apt. 069, West Stevenside, NE 02551",West Stevenside,NE,8048,Commercial,2023-12-30,1978790,Foreclosure
Susan Bush,664-48-9641,Juan Smith,258-26-7260,Lindsey Parsons,,"28160 Ramirez Greens, West Shane, TX 17549",West Shane,TX,1364,Condominium,2024-02-15,500342,
Cameron Fisher,,Carmen Rose,622-55-3471,Susan Brooks,733-26-1246,"8313 Joel Park, Patriciaburgh, VT 03946",Patriciaburgh,VT,2712,Single-Family Home,2023-10-21,649559,
David Bradley,081-11-7963,Brian Ramirez,651-47-2665,Dean Santiago,,"68733 Williams Haven, Jimenezport, NM 65367",Jimenezport,NM,8158,Commercial,2024-04-16,2400804,Short sale
Francisco Fernandez,142-20-3789,David Bradley,081-11-7963,,,"91485 Baker Shoal, Rodriguezberg, FL 64147",Rodriguezberg,FL,1167,Condominium,2022-12-20,384529,
Ms. Susan Vargas,,James Lewis,335-44-6212,,,"904 Schwartz Circle Apt. 742, Youngview, MA 53639",Youngview,MA,1366,Townhouse,2022-07-06,379281,
Erin Warner,278-40-4119,Margaret Mullins,106-02-9406,,,"164 Walker Tunnel Apt. 181, Richardbury, NE 70048",Richardbury,NE,10166,Commercial,2023-10-26,3106407,
Paul Jones,,Keith Jennings,,Heather Foster,601-26-8483,"24241 Wright Landing Apt. 064, Port Ericmouth, AL 95657",Port Ericmouth,AL,,Land/Lot,2023-07-24,202518,
Kimberly Gibson,330-25-3913,Mary Steele,030-24-4478,,,"182 Jones Port, Haynesstad, NH 08664",Haynesstad,NH,1573,Condominium,2021-07-21,571076,Contingent on inspection
Ray Walsh,,Parker Cain,570-08-9609,Heather Foster,601-26-8483,"941 Wendy Flat, East Madison, MN 85171",East Madison,MN,,Land/Lot,2021-08-20,275631,
Tyler Reid,849-59-2507,Andrew Diaz,,William Richardson,661-46-0993,"0165 Stephanie Divide Suite 021, Williamsstad, RI 31433",Williamsstad,RI,1658,Commercial,2024-07-09,477867,
Margaret Mullins,106-02-9406,Kimberly Robinson,604-36-0107,Andrew Shaw MD,,"12172 Osborn Valleys Suite 518, Lewisport, UT 71564",Lewisport,UT,1717,Condominium,2023-06-02,480945,Estate sale
Jennifer Thomas,,Renee Bruce,,Joshua Price,380-86-8851,"75884 Nathan Summit, North Alexander, DC 35728",North Alexander,DC,,Land/Lot,2021-06-14,373543,Contingent on inspection
Andrew Shaw MD,,Paul Young,,Shelly Alexander,,"5892 Kramer Springs Apt. 017, Summersfort, KY 02635",Summersfort,KY,11439,Commercial,2021-01-29,2842633,Cash sale
Denise Davenport,484-32-7484,Aaron Bell,772-50-6866,,,"2456 Williams Center, Mitchelltown, PR 75248",Mitchelltown,PR,4032,Commercial,2023-04-24,1149409,
Thomas Webb,583-87-7179,James Howard,030-88-2141,,,"588 Ryan Stream, Lake Mirandahaven, WI 33082",Lake Mirandahaven,WI,1761,Townhouse,2022-12-06,512995,
Sarah Phelps,,Christina Brooks,166-70-8690,Nathan Frank,582-77-1392,"59325 Samantha Vista Suite 002, North Brianbury, AK 77389",North Brianbury,AK,,Land/Lot,2021-11-22,94402,Estate sale
Nicole Chambers,231-26-2415,Ray Walsh,,Steve Newton,160-35-4617,"1418 Terri Drives, Milesland, SC 70806",Milesland,SC,1955,Townhouse,2023-10-27,593481,Short sale
Kevin Cox,142-66-8086,Diana Washington,553-17-9356,,,"773 Morris Rue Apt. 193, North Tamara, GA 70644",North Tamara,GA,5572,Multi-Family,2024-04-18,1143095,Foreclosure
James Baker,127-59-6039,Andrew Shaw MD,,,,"0614 Gonzalez Burg, South Ashleyfort, FL 27626",South Ashleyfort,FL,4509,Multi-Family,2024-10-30,745966,
Ashley Gutierrez,571-71-0003,Rebecca Richmond,653-39-8329,,,"571 Katherine Forges Apt. 554, Port Shawn, OH 72287",Port Shawn,OH,4170,Multi-Family,2022-02-25,727588,
Trevor Fisher,,Pamela Romero,,,,"89023 Mary Gateway Apt. 705, North Larry, NY 92858",North Larry,NY,2317,Multi-Family,2023-09-11,382946,1031 exchange
Nicholas Sheppard,277-79-8818,Robert Stevens,313-30-3653,Denise Davenport,484-32-7484,"656 Alex Green, Lake Elizabeth, GA 29599",Lake Elizabeth,GA,2258,Townhouse,2021-06-16,611407,Cash sale
Paige Carlson,103-25-4854,Linda Burns,115-47-5039,,,"5655 Nelson Club Apt. 291, Batesberg, IA 20870",Batesberg,IA,2693,Commercial,2023-12-21,695259,
Brian Bruce,377-15-4565,Lindsey Johnson,235-87-9425,Michael Calhoun,,"953 Walter Shore Apt. 644, East Williamport, IN 08490",East Williamport,IN,6925,Commercial,2022-11-09,2229123,
Jordan Frazier,,Annette Miles,874-84-9034,Michael Cross,803-72-7974,"03697 Daniel Parks Apt. 893, Rodriguezport, IA 94682",Rodriguezport,IA,3798,Single-Family Home,2021-07-06,988224,Contingent on inspection
Ronald Davis,,Courtney Mills,462-57-4872,James Lewis,335-44-6212,"0714 Knapp Corner, South Neil, NH 15714",South Neil,NH,4148,Single-Family Home,2021-08-24,946628,Estate sale
Jeffrey Daniels,310-79-8667,Gabrielle Davis,100-46-5636,Juan Tran,096-29-1859,"8815 Steven Grove, Jessicastad, MO 59430",Jessicastad,MO,,Land/Lot,2024-12-07,65950,Short sale
Colton Martinez,869-59-1502,Sandra Miller,,,,"52135 Palmer Springs, East Lindseyport, GU 39670",East Lindseyport,GU,,Land/Lot,2022-03-15,165941,Cash sale
Annette Farmer,641-28-4336,David Johnson,575-42-9996,Elijah Johnson,333-08-4807,"9901 Linda Radial Apt. 735, New Jennyborough, AR 40240",New Jennyborough,AR,5849,Commercial,2023-07-25,1806823,Foreclosure
Maria Harper,022-07-5465,Jeffrey Henderson,479-94-0888,,,"960 Preston Isle, Johnsonview, MO 91008",Johnsonview,MO,9439,Commercial,2021-10-09,2605766,Cash sale
Kevin Hayes,227-79-0711,David Baker,811-81-9664,John Price,,"12432 Kathleen Shoal, Port Michael, VA 10377",Port Michael,VA,3935,Single-Family Home,2023-03-22,823958,1031 exchange
Ellen Morgan,007-24-2348,Colton Martinez,869-59-1502,John Peterson,053-33-7828,"59774 Shaw Manor Apt. 392, Youngbury, ME 33269",Youngbury,ME,1302,Condominium,2022-02-21,386192,Foreclosure
Doris Hall,724-37-7439,Zachary Ferrell,076-69-3493,,,"40415 Douglas Summit Suite 338, Huangfurt, GU 36038",Huangfurt,GU,1146,Condominium,2023-02-04,400511,Estate sale
Francisco Fernandez,142-20-3789,Alex Spencer,603-29-0118,,,"49021 Elizabeth Valley Suite 938, Williamsmouth, NH 08494",Williamsmouth,NH,8491,Commercial,2022-03-01,2394324,
Ray Walsh,,David Bradley,081-11-7963,Robert Evans,680-14-2201,"103 Burns Mission Apt. 798, West Micheal, NH 46344",West Micheal,NH,,Land/Lot,2024-02-25,354483,Estate sale
Keith Jennings,,Kimberly Burgess,,Cindy Hayes,234-53-5554,"5892 Kramer Springs Apt. 017, Summersfort, KY 02635",Summersfort,KY,11439,Commercial,2022-11-10,3349492,Cash sale
Anthony Rodriguez,643-21-6917,Julie Curry,054-45-3674,,,"785 Samantha Creek, Port John, WV 08595",Port John,WV,,Land/Lot,2024-11-18,357158,
Ana Hill,649-75-8985,Bruce Collier,511-92-4782,William Wilson,591-25-4174,"271 Patrick Street Apt. 155, Lake Matthewville, VI 39724",Lake Matthewville,VI,3811,Multi-Family,2022-11-14,671178,Contingent on inspection
Shelly Alexander,,Katherine Chang,,,,"0345 Michelle Isle Suite 156, West Sarahhaven, MO 52932",West Sarahhaven,MO,1136,Condominium,2023-05-20,310453,
Joseph Warren,445-88-2193,Steven Howard,193-22-6610,Elizabeth Brown,047-39-4765,"821 Dawson Turnpike, East Jeffreyberg, IL 05398",East Jeffreyberg,IL,8120,Commercial,2023-12-13,3175637,
Gabrielle Davis,100-46-5636,Melissa Hernandez,831-73-4979,,,"218 Chelsey Expressway, South Kiara, WV 58185",South Kiara,WV,,Land/Lot,2023-03-06,104406,Short sale
Shannon Smith,,Keith Jennings,,,,"03697 Daniel Parks Apt. 893, Rodriguezport, IA 94682",Rodriguezport,IA,3798,Single-Family Home,2023-08-11,999674,Cash sale
Jennifer Jones,,Richard Young,332-03-2855,Susan Hopkins,,"22927 Robert Springs Apt. 794, Nancyberg, PA 99118",Nancyberg,PA,2138,Townhouse,2023-01-09,604975,Short sale
David Baker,811-81-9664,Mary Steele,030-24-4478,,,"12432 Kathleen Shoal, Port Michael, VA 10377",Port Michael,VA,3935,Single-Family Home,2021-07-04,1063160,
Madeline Powell,489-50-0077,Mrs. Amy Hayes,215-98-2763,Brooke Glover,799-12-2121,"300 Jeremy Wells Suite 421, New Jamesstad, AL 50773",New Jamesstad,AL,,Land/Lot,2022-08-12,346643,
Maria Harper,022-07-5465,Kimberly Robinson,604-36-0107,Megan Richards,843-82-6087,"622 Patel Forks Suite 160, Keithville, AL 57677",Keithville,AL,1497,Condominium,2024-11-25,458236,
Courtney Mills,462-57-4872,Ellen Morgan,007-24-2348,Paige Carlson,103-25-4854,"218 Chelsey Expressway, South Kiara, WV 58185",South Kiara,WV,,Land/Lot,2024-02-02,311150,Estate sale
Brandi Bailey,071-32-6055,Gina Beard,,,,"753 Edwards Cape, Williamfort, NH 74232",Williamfort,NH,8619,Commercial,2024-12-12,2304827,Cash sale
Brett Schultz,894-13-7270,Richard Baker,639-89-6513,Joseph Ramos,285-24-9591,"12172 Osborn Valleys Suite 518, Lewisport, UT 71564",Lewisport,UT,1717,Condominium,2024-10-14,502212,1031 exchange
Andrew Shaw MD,,Shannon Smith,,,,"24241 Wright Landing Apt. 064, Port Ericmouth, AL 95657",Port Ericmouth,AL,,Land/Lot,2021-04-15,358991,Contingent on inspection
Andrea Martin,,Arthur Colon,,Heather Foster,601-26-8483,"0863 Clarke Light Suite 991, Port Erikachester, NC 56270",Port Erikachester,NC,4804,Commercial,2021-08-26,1109146,
Jordan Frazier,,Aaron Hayes,,,,"9930 Jackson Roads Suite 230, South Brandytown, PA 75548",South Brandytown,PA,,Land/Lot,2021-11-28,229167,
Angel Perry,645-74-3186,Renee Blair,,,,"0714 Knapp Corner, South Neil, NH 15714",South Neil,NH,4148,Single-Family Home,2022-08-28,982929,
Kimberly Gibson,330-25-3913,Cynthia Wilson,584-32-9486,,,"4479 Jackson Mills, New Kelly, CT 46578",New Kelly,CT,8507,Commercial,2021-01-11,2714310,Cash sale
Misty Whitney,867-72-5993,Thomas Ellis,272-18-4041,,,"25286 Carlson Ports Suite 627, Lake Dennisville, IA 83797",Lake Dennisville,IA,992,Condominium,2024-12-07,371545,
Paul Jones,,Carmen Rose,622-55-3471,,,"537 Ford Walk, East Shannonmouth, MT 16218",East Shannonmouth,MT,3697,Multi-Family,2023-07-08,772736,
Jacob Tran,,Nicholas Martin,389-35-9126,,,"786 Frye Mount Suite 854, Lake Devinborough, OH 80464",Lake Devinborough,OH,,Land/Lot,2022-01-30,165238,
Lisa Allen,598-19-3805,Jason Morris,,,,"60422 Dustin Islands, Ashleyhaven, MH 32948",Ashleyhaven,MH,1506,Commercial,2021-10-14,456636,
Robert Stevens,313-30-3653,Cameron Cunningham,,,,"2621 Matthew Ridges, Andrewview, CT 63774",Andrewview,CT,10657,Commercial,2023-09-19,2737707,Short sale
Gabrielle Davis,100-46-5636,Anthony Carter,,Pamela Romero,,"5655 Nelson Club Apt. 291, Batesberg, IA 20870",Batesberg,IA,2693,Commercial,2023-09-08,718515,Cash sale
Elizabeth Sutton,825-16-9273,Corey Murphy,886-09-4574,,,"403 Joyce Centers Apt. 343, West Russellport, TX 18488",West Russellport,TX,1483,Townhouse,2023-04-20,318683,
Desiree Tyler,425-44-8319,Dana Marshall,625-86-6210,,,"757 Samuel Square, West Larry, NH 59804",West Larry,NH,1938,Townhouse,2022-07-27,582431,Cash sale
Andrew Diaz,,Christian Lewis,,,,"33206 Vanessa Mews, North Stacy, NV 26966",North Stacy,NV,1572,Condominium,2022-10-28,608784,Estate sale
Joshua Roberts,069-33-1609,Tara Gamble,,Kevin Lynn,,"135 Hayes Ridges Suite 929, Davidbury, CT 74800",Davidbury,CT,,Land/Lot,2022-02-08,256708,
Caitlin Henderson,285-20-3528,Shannon Mcclure,798-55-3586,,,"0345 Michelle Isle Suite 156, West Sarahhaven, MO 52932",West Sarahhaven,MO,1136,Condominium,2022-05-10,400768,
David Alvarez,,Valerie Williams,367-27-4089,Elijah Johnson,333-08-4807,"52135 Palmer Springs, East Lindseyport, GU 39670",East Lindseyport,GU,,Land/Lot,2022-10-25,190048,
Adam Jones,708-20-8939,Andrew Diaz,,,,"218 Chelsey Expressway, South Kiara, WV 58185",South Kiara,WV,,Land/Lot,2024-05-18,227581,Below market
Rachel Carlson,,Janet Ross,152-84-0091,Vanessa Patel,129-17-7788,"6465 Sarah Flats, Kellyfort, OK 78125",Kellyfort,OK,2286,Multi-Family,2024-05-24,428042,Foreclosure
Jordan Frazier,,Rebecca Rodriguez,888-04-2160,,,"96520 Bright Green, Jacobhaven, WV 55363",Jacobhaven,WV,1073,Condominium,2023-02-05,338064,Foreclosure
Olivia Harris,563-17-4720,Gabrielle Davis,100-46-5636,,,"043 Julie Hill Apt. 376, West Deanna, IA 15278",West Deanna,IA,5251,Multi-Family,2023-10-01,843304,Foreclosure
Thomas Ellis,272-18-4041,David Grant,427-78-9767,,,"8516 Jack Dam Suite 530, East Cheryl, SC 34682",East Cheryl,SC,3432,Multi-Family,2021-03-31,720582,Contingent on inspection
Nicholas Martin,389-35-9126,Ashley Lee,,Gary Owens,064-27-6884,"35733 Eric Hill Apt. 888, Romerotown, MN 05448",Romerotown,MN,1157,Condominium,2024-08-06,415486,1031 exchange
Kevin Hayes,227-79-0711,Brandi Bailey,071-32-6055,Joseph Coleman,,"784 David Court Suite 558, West Angela, CA 48421",West Angela,CA,932,Condominium,2023-10-18,353366,Estate sale
Doris Hall,724-37-7439,David Bradley,081-11-7963,Randy Shah,021-98-9433,"3875 Bruce Ville, Priceton, OR 86695",Priceton,OR,4842,Multi-Family,2021-07-23,1071178,Cash sale
Sabrina Austin,659-72-0431,Derek Anderson,661-39-7492,,,"960 Preston Isle, Johnsonview, MO 91008",Johnsonview,MO,9439,Commercial,2021-08-22,2348993,Contingent on inspection
Cynthia Wilson,584-32-9486,Carol Lawson,766-92-1877,Courtney Mills,462-57-4872,"584 Mario Squares, Port Jamie, IL 38857",Port Jamie,IL,1731,Townhouse,2024-03-17,429973,
Jonathan Peterson,870-54-8032,Paul Jones,,,,"995 Hernandez Cliff Suite 744, Port Courtney, NH 78019",Port Courtney,NH,6405,Commercial,2022-01-17,1747928,Short sale
Arthur West,,Mary Nguyen,714-38-9084,,,"182 Nguyen Mount, Lake Jasonview, WV 15437",Lake Jasonview,WV,4855,Multi-Family,2021-12-13,791738,
Natalie Ortiz,261-79-3210,Timothy Long,469-25-5537,Michaela Williams,169-64-2302,"9827 Alyssa Causeway Suite 978, Port Robertshire, DE 23727",Port Robertshire,DE,2586,Multi-Family,2024-01-18,613664,
Thomas Ellis,272-18-4041,Rebecca Rodriguez,888-04-2160,Amber Obrien,509-37-3771,"7584 Jessica Common, Klinefurt, MA 56941",Klinefurt,MA,1504,Condominium,2022-10-07,443375,Short sale
Angela Patterson,888-60-2978,Stephanie Miller,,,,"12432 Kathleen Shoal, Port Michael, VA 10377",Port Michael,VA,3935,Single-Family Home,2022-09-04,896173,Estate sale
Elizabeth Ortiz,,Paul Carroll,296-57-2038,,,"8815 Steven Grove, Jessicastad, MO 59430",Jessicastad,MO,,Land/Lot,2022-05-23,205210,
Vanessa Patel,129-17-7788,Corey Murphy,886-09-4574,,,"0165 Stephanie Divide Suite 021, Williamsstad, RI 31433",Williamsstad,RI,1658,Commercial,2021-06-25,481626,Estate sale
Andrew Clark,811-47-6359,Mario Skinner,,Michael Calhoun,,"622 Patel Forks Suite 160, Keithville, AL 57677",Keithville,AL,1497,Condominium,2024-08-10,567904,
Parker Hill,,Shelly Alexander,,John Hancock,,"5187 Miguel Highway Suite 937, Jonesmouth, VI 48771",Jonesmouth,VI,1360,Townhouse,2023-09-27,333511,Foreclosure
Mario Skinner,,Kimberly Gibson,330-25-3913,,,"7679 Perry Forge, East Ericton, TX 99452",East Ericton,TX,2200,Single-Family Home,2023-05-26,428364,1031 exchange
Andrew Shaw MD,,Cynthia Martin,820-23-6756,,,"87431 Martin Mount Suite 205, Justinside, NC 39170",Justinside,NC,1008,Condominium,2024-05-18,329244,
David Baker,811-81-9664,Maria Lynch,,,,"072 Carolyn Branch, West Denise, NY 29830",West Denise,NY,1587,Townhouse,2023-08-30,379377,1031 exchange
Courtney Mills,462-57-4872,Jordan Frazier,,,,"87431 Martin Mount Suite 205, Justinside, NC 39170",Justinside,NC,1008,Condominium,2022-11-07,294358,
John Hancock,,Jason Morris,,Joshua Price,380-86-8851,"82422 Donovan Fork, Port Tammy, NE 45854",Port Tammy,NE,685,Condominium,2021-03-29,260534,Estate sale
Benjamin Beck,339-80-5144,Sandra Sanchez,,Arthur Colon,,"56915 Morris Estate Suite 752, Port Daniel, NC 93192",Port Daniel,NC,9111,Commercial,2021-12-24,2536490,Foreclosure
Jason Morris,,Janet Weeks,521-96-2237,Tyler Holmes,052-72-4083,"5187 Miguel Highway Suite 937, Jonesmouth, VI 48771",Jonesmouth,VI,1360,Townhouse,2022-07-09,330700,Contingent on inspection
Shannon Jones,,Kimberly Gibson,330-25-3913,,,"03697 Daniel Parks Apt. 893, Rodriguezport, IA 94682",Rodriguezport,IA,3798,Single-Family Home,2023-12-14,892071,Short sale
Megan Richards,843-82-6087,Dean Santiago,,Carla Collins,593-04-5112,"0148 Harry Vista Suite 039, New Samanthabury, IL 19400",New Samanthabury,IL,,Land/Lot,2022-05-02,217889,Estate sale
Joseph Ramos,285-24-9591,David Scott,010-60-4713,,,"103 Burns Mission Apt. 798, West Micheal, NH 46344",West Micheal,NH,,Land/Lot,2024-07-23,400703,
Janet Weeks,521-96-2237,Patrick Moore,425-84-1623,,,"08484 Wayne Square Suite 211, Hopkinstown, AL 69233",Hopkinstown,AL,2777,Single-Family Home,2024-08-02,758794,
Nicholas Sims,745-10-0306,Julie Howard,313-63-9039,,,"5803 Katherine Dam, Dennishaven, NY 58988",Dennishaven,NY,3877,Single-Family Home,2022-02-12,867192,
Dylan Miller,,Michael Mitchell,233-96-1481,Lisa Allen,598-19-3805,"52135 Palmer Springs, East Lindseyport, GU 39670",East Lindseyport,GU,,Land/Lot,2021-01-13,244422,Estate sale
Jeffrey Meyer,826-69-3229,Maria Kerr,,Jamie Stewart,,"12172 Osborn Valleys Suite 518, Lewisport, UT 71564",Lewisport,UT,1717,Condominium,2024-03-31,457896,Estate sale
Rodney Johnson,161-69-3603,Michael Obrien,289-98-7171,James Salinas,559-38-2361,"00996 Kevin Summit, Ericastad, AL 97681",Ericastad,AL,1285,Townhouse,2022-01-20,302414,
Joyce Bowen,420-84-2530,John Hancock,,,,"2621 Matthew Ridges, Andrewview, CT 63774",Andrewview,CT,10657,Commercial,2022-01-26,2412316,1031 exchange
Sandra Miller,,Lisa Barnes,598-73-8566,,,"7679 Perry Forge, East Ericton, TX 99452",East Ericton,TX,2200,Single-Family Home,2021-04-09,486117,
Sarah Phelps,,Brett Schultz,894-13-7270,,,"80003 Thomas Lights, Ericville, MH 20172",Ericville,MH,2162,Single-Family Home,2023-02-13,475762,Short sale
Dylan Miller,,Lisa Allen,598-19-3805,,,"5655 Nelson Club Apt. 291, Batesberg, IA 20870",Batesberg,IA,2693,Commercial,2021-03-31,773186,Cash sale
Juan Smith,258-26-7260,Phillip Clark,222-30-5384,Michael Calhoun,,"7584 Jessica Common, Klinefurt, MA 56941",Klinefurt,MA,1504,Condominium,2023-10-18,479680,
Erik Scott,157-88-7771,Natasha Wells,266-97-4051,,,"0165 Stephanie Divide Suite 021, Williamsstad, RI 31433",Williamsstad,RI,1658,Commercial,2021-02-22,402103,
Haley Hartman,,Erik Williams,,,,"86688 Paul Glens Apt. 517, Meredithberg, AS 49138",Meredithberg,AS,1265,Townhouse,2024-09-07,299318,
Kimberly Burgess,,Andrew Diaz,,Valerie Williams,367-27-4089,"656 Alex Green, Lake Elizabeth, GA 29599",Lake Elizabeth,GA,2258,Townhouse,2023-08-29,597090,Contingent on inspection
Taylor Coleman,,Lisa Crosby,287-05-6071,,,"953 Walter Shore Apt. 644, East Williamport, IN 08490",East Williamport,IN,6925,Commercial,2021-04-29,1706499,
Billy Mitchell,,Joyce Bowen,420-84-2530,,,"6471 King Gateway Suite 993, Trevorland, GA 60513",Trevorland,GA,,Land/Lot,2023-04-28,83968,
Misty Whitney,867-72-5993,Valerie Gray,566-38-5926,,,"953 Walter Shore Apt. 644, East Williamport, IN 08490",East Williamport,IN,6925,Commercial,2022-02-27,1578887,Foreclosure
Parker Cain,570-08-9609,Elizabeth Sutton,825-16-9273,,,"37129 April Mills, South Diana, VT 01718",South Diana,VT,1852,Townhouse,2022-09-02,477546,
Edward Novak,594-95-8884,Heather Lane,218-20-7901,Joyce Bowen,420-84-2530,"825 Jeffrey Fork Suite 655, West Connor, DC 34653",West Connor,DC,1038,Condominium,2023-04-16,394380,
Krista Gibson,323-33-5297,Allison Hill,229-18-1680,,,"5171 Jason Street Suite 962, West Nancy, AZ 81261",West Nancy,AZ,1765,Condominium,2022-09-22,487827,
Dustin Jordan,,Frederick Tate,058-30-0526,,,"37129 April Mills, South Diana, VT 01718",South Diana,VT,1852,Townhouse,2023-07-16,496512,
Rebecca Rodriguez,888-04-2160,Joyce Bowen,420-84-2530,,,"01533 Terry Stravenue Suite 443, South Sherriburgh, PA 13072",South Sherriburgh,PA,6698,Commercial,2023-05-09,1889394,Estate sale
Melissa Hernandez,831-73-4979,Elizabeth Ortiz,,,,"7679 Perry Forge, East Ericton, TX 99452",East Ericton,TX,2200,Single-Family Home,2024-06-13,479705,
Elizabeth Kelley,,Wanda Torres,636-08-9989,Brandi Bailey,071-32-6055,"825 Jeffrey Fork Suite 655, West Connor, DC 34653",West Connor,DC,1038,Condominium,2024-04-23,284421,
Jennifer Blair,,Natasha Wells,266-97-4051,,,"0148 Harry Vista Suite 039, New Samanthabury, IL 19400",New Samanthabury,IL,,Land/Lot,2022-10-20,209639,
Andrew Diaz,,Allen Robinson,,,,"46774 Darlene Loaf Apt. 565, Lake Kelly, CO 24956",Lake Kelly,CO,,Land/Lot,2021-11-20,273336,Foreclosure
Richard Rodriguez,894-05-7712,Dana Marshall,625-86-6210,,,"7569 Kevin Rapids Apt. 752, East Kevinfurt, MA 52699",East Kevinfurt,MA,1345,Condominium,2021-05-18,368921,Short sale
Sabrina Austin,659-72-0431,Maria Henry,812-03-1525,,,"6465 Sarah Flats, Kellyfort, OK 78125",Kellyfort,OK,2286,Multi-Family,2022-08-04,405349,1031 exchange
Brooke Alexander,354-76-4902,Joseph Ramos,285-24-9591,Destiny Strickland,497-81-3920,"7569 Kevin Rapids Apt. 752, East Kevinfurt, MA 52699",East Kevinfurt,MA,1345,Condominium,2023-07-17,399764,
Michael Mitchell,233-96-1481,Eric Powell,,,,"941 Wendy Flat, East Madison, MN 85171",East Madison,MN,,Land/Lot,2024-01-14,78821,
Kevin Holland,421-03-3993,Christine Lopez,371-78-1939,,,"9772 Maria Rapid, Lake Jessicaport, CO 19206",Lake Jessicaport,CO,5402,Multi-Family,2022-06-11,872298,
Morgan Davis,,Sabrina Austin,659-72-0431,,,"0148 Harry Vista Suite 039, New Samanthabury, IL 19400",New Samanthabury,IL,,Land/Lot,2024-09-18,269952,Short sale
James Howard,030-88-2141,Mr. Stephen Alexander,065-34-5149,Thomas Webb,583-87-7179,"588 Ryan Stream, Lake Mirandahaven, WI 33082",Lake Mirandahaven,WI,1761,Townhouse,2022-12-27,692543,
Angela Patterson,888-60-2978,Alex Spencer,603-29-0118,Dylan Miller,,"6291 Hansen Row Suite 281, Christopherberg, PW 85176",Christopherberg,PW,3466,Single-Family Home,2021-03-05,937781,1031 exchange
Heather Castro,896-53-2533,Bruce Collier,511-92-4782,,,"46618 Ashley Extension Suite 224, New Carlymouth, VI 39970",New Carlymouth,VI,,Land/Lot,2022-12-04,298725,Short sale
Heather Fields,,Arthur Colon,,,,"59325 Samantha Vista Suite 002, North Brianbury, AK 77389",North Brianbury,AK,,Land/Lot,2022-11-03,105475,
Shannon Jones,,Pamela Romero,,Ashley Lee,,"784 David Court Suite 558, West Angela, CA 48421",West Angela,CA,932,Condominium,2021-11-19,332770,Cash sale
Maria Lynch,,Katherine Chang,,,,"05411 Ford Plaza Apt. 793, West Williamport, NH 42644",West Williamport,NH,,Land/Lot,2022-01-05,203272,Cash sale
Adam Jones,708-20-8939,Bruce Collier,511-92-4782,,,"1778 Anderson Village, Hammondshire, CA 72761",Hammondshire,CA,1480,Condominium,2022-01-01,572187,
Rebecca Rodriguez,888-04-2160,Christina Brooks,166-70-8690,,,"46618 Ashley Extension Suite 224, New Carlymouth, VI 39970",New Carlymouth,VI,,Land/Lot,2024-09-26,448861,
Ms. Susan Vargas,,Cameron Cunningham,,,,"8580 Payne Manors, Dunnville, OK 13924",Dunnville,OK,,Land/Lot,2023-03-13,302778,1031 exchange
Jennifer Blair,,Allison Hill,229-18-1680,Mary Marshall,,"79796 Stephens Turnpike Suite 891, Donnachester, WY 14836",Donnachester,WY,2176,Townhouse,2024-06-11,506238,Contingent on inspection
Michael Johnson,850-85-6485,William Richardson,661-46-0993,,,"60422 Dustin Islands, Ashleyhaven, MH 32948",Ashleyhaven,MH,1506,Commercial,2022-11-26,485334,Foreclosure
Dustin Jordan,,Kevin Cox,142-66-8086,Heather Foster,601-26-8483,"685 Campos Dam, Hickmanport, GA 90850",Hickmanport,GA,2006,Multi-Family,2023-01-08,422694,
Michael Cross,803-72-7974,Ms. Susan Vargas,,,,"7679 Perry Forge, East Ericton, TX 99452",East Ericton,TX,2200,Single-Family Home,2022-12-01,237699,Below market
Michelle Wagner,851-71-7306,Keith Jennings,,,,"8580 Payne Manors, Dunnville, OK 13924",Dunnville,OK,,Land/Lot,2024-11-06,390457,
Mrs. Amy Hayes,215-98-2763,Brooke Glover,799-12-2121,,,"300 Jeremy Wells Suite 421, New Jamesstad, AL 50773",New Jamesstad,AL,,Land/Lot,2022-07-12,216652,
Barbara Anderson,476-86-8703,Courtney Mills,462-57-4872,Michelle Harris,650-34-8281,"1825 Gregory Plain Suite 823, Brooksfurt, NV 00956",Brooksfurt,NV,2213,Townhouse,2023-01-10,509972,Cash sale
Alex Hernandez,,Desiree Smith,196-11-3955,,,"103 Burns Mission Apt. 798, West Micheal, NH 46344",West Micheal,NH,,Land/Lot,2024-09-16,163714,Short sale
Jason Peterson,,Ana Hill,649-75-8985,Michael Calhoun,,"2099 Deborah Parks Suite 870, Jasonburgh, KY 11998",Jasonburgh,KY,4024,Multi-Family,2021-12-05,637362,
Jason Bentley,694-96-2852,Dustin Jordan,,,,"722 Jennifer Mount Apt. 430, Lisaburgh, MP 26645",Lisaburgh,MP,2566,Single-Family Home,2024-06-02,676484,
Mr. Stephen Alexander,065-34-5149,Thomas Webb,583-87-7179,James Howard,030-88-2141,"588 Ryan Stream, Lake Mirandahaven, WI 33082",Lake Mirandahaven,WI,1761,Townhouse,2023-01-14,820792,
Jordan Frazier,,Carla Collins,593-04-5112,,,"49818 Brittany Prairie Apt. 299, Meghanview, ID 44753",Meghanview,ID,1646,Townhouse,2023-08-28,459967,
Debbie Carpenter,272-05-1777,Dustin Jordan,,,,"25286 Carlson Ports Suite 627, Lake Dennisville, IA 83797",Lake Dennisville,IA,992,Condominium,2023-11-08,288975,
Diana Washington,553-17-9356,Shannon Smith,,David Bradley,081-11-7963,"5269 Diaz Springs, South Danielle, CA 23146",South Danielle,CA,,Land/Lot,2022-12-07,427203,
Anthony Carter,,Rebecca Rodriguez,888-04-2160,,,"0614 Gonzalez Burg, South Ashleyfort, FL 27626",South Ashleyfort,FL,4509,Multi-Family,2023-12-10,850224,Short sale
Lindsey Johnson,235-87-9425,Carol Lawson,766-92-1877,,,"2655 Christopher Inlet, Lake Charles, KY 58793",Lake Charles,KY,,Land/Lot,2021-10-21,406141,Estate sale
Steven Howard,193-22-6610,Elizabeth Brown,047-39-4765,Joseph Warren,445-88-2193,"821 Dawson Turnpike, East Jeffreyberg, IL 05398",East Jeffreyberg,IL,8120,Commercial,2023-12-23,3763718,
Katherine Browning,076-11-5278,Joseph Coleman,,,,"7240 Kenneth Rapids, East Robertburgh, PW 14565",East Robertburgh,PW,3127,Single-Family Home,2021-08-19,675745,Cash sale
Thomas Schmidt,,Steve Newton,160-35-4617,Richard Rodriguez,894-05-7712,"021 Bruce Rue, Grayside, NJ 43921",Grayside,NJ,990,Townhouse,2021-06-21,285923,Estate sale
Linda Burns,115-47-5039,Shelly Alexander,,,,"0148 Harry Vista Suite 039, New Samanthabury, IL 19400",New Samanthabury,IL,,Land/Lot,2021-06-07,397990,
Rachael Pearson,773-04-4052,Heather Fields,,,,"83301 Rivera Mountains, Derrickshire, IA 13679",Derrickshire,IA,821,Condominium,2022-01-17,281536,
Jeffrey Sanchez,,Jennifer Blair,,Heather Foster,601-26-8483,"043 Julie Hill Apt. 376, West Deanna, IA 15278",West Deanna,IA,5251,Multi-Family,2024-08-21,1138421,
Melissa Hernandez,831-73-4979,John Allen,,,,"4422 Stacy Ports, Jeffreyshire, GU 51828",Jeffreyshire,GU,3483,Single-Family Home,2023-02-05,352556,Below market
Christopher Smith,547-17-4495,Wanda Torres,636-08-9989,,,"12172 Osborn Valleys Suite 518, Lewisport, UT 71564",Lewisport,UT,1717,Condominium,2023-09-14,466020,Contingent on inspection
Kevin Hayes,227-79-0711,Thomas Schmidt,,Ms. Susan Vargas,,"8815 Steven Grove, Jessicastad, MO 59430",Jessicastad,MO,,Land/Lot,2021-09-06,66268,
Kristina Santiago,421-46-6930,Robert Evans,680-14-2201,,,"05411 Ford Plaza Apt. 793, West Williamport, NH 42644",West Williamport,NH,,Land/Lot,2024-07-14,379224,
Cindy Hayes,234-53-5554,Brian Bruce,377-15-4565,Sandra Sanchez,,"80003 Thomas Lights, Ericville, MH 20172",Ericville,MH,2162,Single-Family Home,2021-02-05,421997,Cash sale
Benjamin Beck,339-80-5144,Renee Bruce,,,,"8815 Steven Grove, Jessicastad, MO 59430",Jessicastad,MO,,Land/Lot,2023-04-19,50858,Below market
Adam Jones,708-20-8939,Michael White,180-11-9986,,,"56856 Hernandez Lane Apt. 873, Lake Erika, OH 30037",Lake Erika,OH,1672,Single-Family Home,2022-06-07,342582,Foreclosure
Andrew Diaz,,Misty Whitney,867-72-5993,,,"8516 Jack Dam Suite 530, East Cheryl, SC 34682",East Cheryl,SC,3432,Multi-Family,2024-08-09,743697,Short sale
Rebecca Ramsey,861-60-2092,Michael White,180-11-9986,,,"182 Nguyen Mount, Lake Jasonview, WV 15437",Lake Jasonview,WV,4855,Multi-Family,2021-12-22,804372,Contingent on inspection
Tyler Reid,849-59-2507,Maria Lynch,,,,"4479 Jackson Mills, New Kelly, CT 46578",New Kelly,CT,8507,Commercial,2022-04-14,2731076,1031 exchange
Madeline Powell,489-50-0077,Annette Farmer,641-28-4336,,,"39431 Emily Port, Jasonhaven, FL 07629",Jasonhaven,FL,1426,Condominium,2024-01-27,267552,Below market
Heather Lane,218-20-7901,Belinda Mccullough,,,,"0345 Michelle Isle Suite 156, West Sarahhaven, MO 52932",West Sarahhaven,MO,1136,Condominium,2024-03-03,303683,Cash sale
Randy Shah,021-98-9433,Andrew Diaz,,Tracy Torres,505-15-1593,"93638 Rowe Light Suite 854, East Sharonville, WA 34784",East Sharonville,WA,1644,Single-Family Home,2022-08-16,354898,
Corey Murphy,886-09-4574,Sabrina Austin,659-72-0431,,,"5905 Mark Point Suite 449, West Nathan, LA 20210",West Nathan,LA,1136,Townhouse,2021-09-16,298460,
Jeffrey Henderson,479-94-0888,Derek Anderson,661-39-7492,Robert Stevens,313-30-3653,"5060 Shaw Freeway, Port Samuel, PW 51116",Port Samuel,PW,9504,Commercial,2024-01-27,2992813,
Misty Whitney,867-72-5993,Angela Patterson,888-60-2978,,,"6465 Sarah Flats, Kellyfort, OK 78125",Kellyfort,OK,2286,Multi-Family,2022-05-24,418270,Cash sale
Mark Perez,033-43-1161,Dr. Ashley James MD,,,,"6291 Hansen Row Suite 281, Christopherberg, PW 85176",Christopherberg,PW,3466,Single-Family Home,2023-06-13,653858,Contingent on inspection
James Lewis,335-44-6212,Robert Stevens,313-30-3653,David Baker,811-81-9664,"872 Alexandria Villages, Murraystad, GA 10243",Murraystad,GA,1793,Townhouse,2021-10-19,393816,1031 exchange
Benjamin Beck,339-80-5144,Katherine Browning,076-11-5278,,,"49818 Brittany Prairie Apt. 299, Meghanview, ID 44753",Meghanview,ID,1646,Townhouse,2024-06-28,437691,1031 exchange
Haley Hartman,,Jordan York,071-77-1114,Heather Foster,601-26-8483,"731 Donald Crossing Suite 565, Jenniferberg, PW 18828",Jenniferberg,PW,1646,Condominium,2024-04-24,532236,
Brian Bruce,377-15-4565,Sandra Sanchez,,,,"374 Lori Underpass Suite 724, Lake Katrina, AK 32223",Lake Katrina,AK,,Land/Lot,2023-02-10,206958,Estate sale
William Huerta,,Amanda Reese,,,,"406 Velasquez Summit Apt. 910, Bryantton, OH 56035",Bryantton,OH,1470,Townhouse,2024-06-13,318749,Short sale
Stephanie Miller,,Christopher Smith,547-17-4495,,,"8662 Miller River, Kristenmouth, NM 39216",Kristenmouth,NM,,Land/Lot,2024-04-17,364046,Foreclosure
Allison Hill,229-18-1680,Kevin Hayes,227-79-0711,,,"218 Chelsey Expressway, South Kiara, WV 58185",South Kiara,WV,,Land/Lot,2021-04-22,158347,1031 exchange
Mrs. Brittany Ryan MD,,Carmen Rose,622-55-3471,,,"6586 Maria Turnpike Apt. 271, South Samuelchester, GA 04880",South Samuelchester,GA,4734,Multi-Family,2023-03-26,798548,
Cynthia Martin,820-23-6756,Alex Spencer,603-29-0118,,,"3315 Buchanan Stravenue, Port Jennamouth, NV 00668",Port Jennamouth,NV,2546,Multi-Family,2024-02-28,391091,Foreclosure
Anthony Stone,638-97-8168,Denise Davenport,484-32-7484,,,"403 Joyce Centers Apt. 343, West Russellport, TX 18488",West Russellport,TX,1483,Townhouse,2022-01-07,444138,Estate sale
Anna Walker,219-85-5438,Michael Fox,,,,"877 Kenneth Run Apt. 581, Scottport, AK 13078",Scottport,AK,810,Condominium,2023-03-03,230210,
Jeffrey Daniels,310-79-8667,David Alvarez,,Christopher Smith,547-17-4495,"7240 Kenneth Rapids, East Robertburgh, PW 14565",East Robertburgh,PW,3127,Single-Family Home,2022-03-20,787995,
Parker Cain,570-08-9609,Michelle Schmitt,,,,"164 Walker Tunnel Apt. 181, Richardbury, NE 70048",Richardbury,NE,10166,Commercial,2021-01-14,2809375,
Mark Perez,033-43-1161,Gabrielle Davis,100-46-5636,,,"25286 Carlson Ports Suite 627, Lake Dennisville, IA 83797",Lake Dennisville,IA,992,Condominium,2022-10-11,277626,1031 exchange
Jennifer Thomas,,Juan Tran,096-29-1859,,,"59774 Shaw Manor Apt. 392, Youngbury, ME 33269",Youngbury,ME,1302,Condominium,2021-07-20,413644,Contingent on inspection
Benjamin Beck,339-80-5144,Patrick Moore,425-84-1623,Shannon Mcclure,798-55-3586,"02578 Hernandez Passage, East Carrie, MO 18822",East Carrie,MO,1444,Condominium,2021-04-20,398624,Estate sale
Michael Mitchell,233-96-1481,Richard Rodriguez,894-05-7712,,,"56856 Hernandez Lane Apt. 873, Lake Erika, OH 30037",Lake Erika,OH,1672,Single-Family Home,2021-03-06,396909,
Maria Henry,812-03-1525,Jordan Frazier,,Lisa Allen,598-19-3805,"584 Mario Squares, Port Jamie, IL 38857",Port Jamie,IL,1731,Townhouse,2024-12-28,503528,Contingent on inspection
Courtney Mills,462-57-4872,Desiree Smith,196-11-3955,Heather Foster,601-26-8483,"38367 Teresa Divide Suite 103, Aaronfurt, PR 68626",Aaronfurt,PR,1389,Single-Family Home,2021-04-13,271942,
Susan Hopkins,,Erik Scott,157-88-7771,,,"40415 Douglas Summit Suite 338, Huangfurt, GU 36038",Huangfurt,GU,1146,Condominium,2021-10-04,310937,Foreclosure
Roberta Hughes,680-84-2493,Paul Jones,,,,"68685 Stone Well, Port Brooke, MD 02121",Port Brooke,MD,3061,Multi-Family,2022-02-14,598855,Short sale
Misty Whitney,867-72-5993,William Wilson,591-25-4174,Ronald Davis,,"8516 Jack Dam Suite 530, East Cheryl, SC 34682",East Cheryl,SC,3432,Multi-Family,2024-05-23,559294,Contingent on inspection
Christian Lewis,,Heather Lane,218-20-7901,,,"7569 Kevin Rapids Apt. 752, East Kevinfurt, MA 52699",East Kevinfurt,MA,1345,Condominium,2023-09-10,412580,Cash sale
Valerie Gray,566-38-5926,Marie Kim DDS,124-32-3682,,,"664 Richard Islands Apt. 975, South Samanthamouth, OK 12052",South Samanthamouth,OK,6456,Commercial,2022-06-21,1571630,Estate sale
Martin Wise,639-07-9731,Mary Valdez MD,707-15-6829,,,"926 William River Apt. 411, West Robertville, TN 65740",West Robertville,TN,3657,Multi-Family,2022-02-06,661755,
Morgan Davis,,Stephanie Lucas,317-57-0547,,,"0544 Cameron Walks Apt. 324, North Julie, PW 97982",North Julie,PW,,Land/Lot,2021-06-01,125707,
Amanda Reese,,Richard Rodriguez,894-05-7712,,,"1778 Anderson Village, Hammondshire, CA 72761",Hammondshire,CA,1480,Condominium,2023-07-09,421706,
Taylor Mathis Jr.,434-36-0723,John Hancock,,Taylor Coleman,,"5269 Diaz Springs, South Danielle, CA 23146",South Danielle,CA,,Land/Lot,2023-11-08,249702,
Elizabeth Ortiz,,Paul Young,,James Lewis,335-44-6212,"0165 Stephanie Divide Suite 021, Williamsstad, RI 31433",Williamsstad,RI,1658,Commercial,2021-01-03,403218,Short sale
Kristina Santiago,421-46-6930,Michael Martinez,,,,"22927 Robert Springs Apt. 794, Nancyberg, PA 99118",Nancyberg,PA,2138,Townhouse,2021-04-05,475614,Foreclosure
David Scott,010-60-4713,Ray Walsh,,Jamie Stewart,,"072 Carolyn Branch, West Denise, NY 29830",West Denise,NY,1587,Townhouse,2024-12-22,486098,Contingent on inspection
Melanie Herrera,274-99-5574,Elizabeth Sutton,825-16-9273,,,"35733 Eric Hill Apt. 888, Romerotown, MN 05448",Romerotown,MN,1157,Condominium,2023-04-04,367846,
Austin Vasquez,,Elijah Johnson,333-08-4807,,,"825 Jeffrey Fork Suite 655, West Connor, DC 34653",West Connor,DC,1038,Condominium,2023-05-07,305468,
Maria Harper,022-07-5465,Belinda Mccullough,,Christina Brooks,166-70-8690,"8662 Miller River, Kristenmouth, NM 39216",Kristenmouth,NM,,Land/Lot,2021-03-01,84112,Cash sale
Maria Lynch,,Brenda White,,Johnny Nguyen,500-28-5814,"43006 Fuller Parkway, Bestland, AK 54952",Bestland,AK,773,Condominium,2021-10-05,286774,Estate sale
Mr. Martin Hernandez,847-72-0895,Timothy Wagner,481-64-2710,,,"3177 Miller Parks Suite 517, Brentbury, OH 98180",Brentbury,OH,3798,Single-Family Home,2023-09-28,905270,
Norman Cook,422-86-4066,Valerie Gray,566-38-5926,,,"753 Edwards Cape, Williamfort, NH 74232",Williamfort,NH,8619,Commercial,2024-02-08,2742693,Estate sale
Tyler Reid,849-59-2507,Hannah Patterson,,,,"2099 Deborah Parks Suite 870, Jasonburgh, KY 11998",Jasonburgh,KY,4024,Multi-Family,2024-05-01,794338,
Destiny Strickland,497-81-3920,Patrick Arnold,,Kimberly Gibson,330-25-3913,"2655 Christopher Inlet, Lake Charles, KY 58793",Lake Charles,KY,,Land/Lot,2021-11-22,203665,Cash sale
Paul Jones,,Barbara Anderson,476-86-8703,,,"226 Johnson Ridges Apt. 796, Mullenbury, AS 51466",Mullenbury,AS,3336,Multi-Family,2022-12-21,685118,
Trevor Fisher,,Vanessa Patel,129-17-7788,,,"667 Cynthia Trafficway Apt. 684, Burnsshire, SC 91557",Burnsshire,SC,1487,Townhouse,2023-12-07,378238,Foreclosure
Brandi Bailey,071-32-6055,Taylor Mathis Jr.,434-36-0723,,,"0165 Stephanie Divide Suite 021, Williamsstad, RI 31433",Williamsstad,RI,1658,Commercial,2023-03-18,430769,Short sale
Caleb King,719-20-3367,Martin Wise,639-07-9731,Mary Valdez MD,707-15-6829,"926 William River Apt. 411, West Robertville, TN 65740",West Robertville,TN,3657,Multi-Family,2022-03-14,1058808,
Roberta Hughes,680-84-2493,Diana Washington,553-17-9356,,,"8580 Payne Manors, Dunnville, OK 13924",Dunnville,OK,,Land/Lot,2024-12-13,407151,
Richard Young,332-03-2855,Kimberly Gibson,330-25-3913,Debbie Carpenter,272-05-1777,"814 Kathryn Groves, Lake Timothystad, OH 59394",Lake Timothystad,OH,1140,Condominium,2023-10-21,421869,Cash sale
Arthur West,,Cynthia Rowe,045-41-7750,Keith Jennings,,"7584 Jessica Common, Klinefurt, MA 56941",Klinefurt,MA,1504,Condominium,2023-06-14,553796,Short sale
Mary Marshall,,Renee Bruce,,,,"38367 Teresa Divide Suite 103, Aaronfurt, PR 68626",Aaronfurt,PR,1389,Single-Family Home,2024-02-29,352624,1031 exchange
Joseph Ramos,285-24-9591,Andrea Martin,,,,"773 Morris Rue Apt. 193, North Tamara, GA 70644",North Tamara,GA,5572,Multi-Family,2021-11-23,1052412,Foreclosure
Parker Cain,570-08-9609,Jane Harper,302-59-8283,,,"56856 Hernandez Lane Apt. 873, Lake Erika, OH 30037",Lake Erika,OH,1672,Single-Family Home,2023-07-25,393774,1031 exchange
Dr. Ashley James MD,,Sabrina Austin,659-72-0431,Cynthia Wilson,584-32-9486,"83301 Rivera Mountains, Derrickshire, IA 13679",Derrickshire,IA,821,Condominium,2022-08-16,305589,Contingent on inspection
Natasha Wells,266-97-4051,Erik Scott,157-88-7771,,,"6471 King Gateway Suite 993, Trevorland, GA 60513",Trevorland,GA,,Land/Lot,2021-12-30,268792,Cash sale
Stephanie Lucas,317-57-0547,Ellen Morgan,007-24-2348,Jordan Frazier,,"8815 Steven Grove, Jessicastad, MO 59430",Jessicastad,MO,,Land/Lot,2024-07-21,218771,Estate sale
Cameron Cunningham,,Katherine Chang,,,,"79796 Stephens Turnpike Suite 891, Donnachester, WY 14836",Donnachester,WY,2176,Townhouse,2022-09-11,589143,Cash sale
Robert Costa,,Richard Rodriguez,894-05-7712,,,"072 Carolyn Branch, West Denise, NY 29830",West Denise,NY,1587,Townhouse,2021-01-06,381241,
Christian Lewis,,Cynthia Martin,820-23-6756,,,"5892 Kramer Springs Apt. 017, Summersfort, KY 02635",Summersfort,KY,11439,Commercial,2021-06-07,2884055,1031 exchange
John Peterson,053-33-7828,Jeremy Young,,,,"82422 Donovan Fork, Port Tammy, NE 45854",Port Tammy,NE,685,Condominium,2023-08-18,238993,Cash sale
Thomas Schmidt,,Patrick Arnold,,,,"7584 Jessica Common, Klinefurt, MA 56941",Klinefurt,MA,1504,Condominium,2022-01-19,476679,Short sale
Desiree Tyler,425-44-8319,Megan Richards,843-82-6087,,,"59774 Shaw Manor Apt. 392, Youngbury, ME 33269",Youngbury,ME,1302,Condominium,2022-08-13,440012,1031 exchange
Michael Elliott,224-60-4199,Thomas Schmidt,,,,"68733 Williams Haven, Jimenezport, NM 65367",Jimenezport,NM,8158,Commercial,2022-06-09,1970289,
Sandra Sanchez,,Mary Nguyen,714-38-9084,Renee Bruce,,"584 Mario Squares, Port Jamie, IL 38857",Port Jamie,IL,1731,Townhouse,2021-12-14,391870,
Carol Lawson,766-92-1877,Renee Bruce,,,,"995 Hernandez Cliff Suite 744, Port Courtney, NH 78019",Port Courtney,NH,6405,Commercial,2023-01-10,1784549,Short sale
Dylan Miller,,Maria Henry,812-03-1525,,,"0544 Cameron Walks Apt. 324, North Julie, PW 97982",North Julie,PW,,Land/Lot,2021-03-24,151850,Foreclosure
Terri Mckinney,691-96-8748,Erica Wilson,361-72-7871,Ryan Stokes,536-14-0415,"44204 Karen Bypass Suite 719, Thomaston, ID 89043",Thomaston,ID,1602,Condominium,2023-09-22,508282,
Lisa Barnes,598-73-8566,Jonathan Peterson,870-54-8032,Michael Johnson,850-85-6485,"182 Nguyen Mount, Lake Jasonview, WV 15437",Lake Jasonview,WV,4855,Multi-Family,2021-12-07,968980,Contingent on inspection
Michael White,180-11-9986,David Scott,010-60-4713,,,"103 Burns Mission Apt. 798, West Micheal, NH 46344",West Micheal,NH,,Land/Lot,2021-08-22,242412,Foreclosure
Cynthia Wilson,584-32-9486,Michael Cross,803-72-7974,,,"2513 Haas Expressway, East Carriebury, SC 83887",East Carriebury,SC,848,Condominium,2021-11-01,248786,Cash sale
Jeremy Young,,Latoya Robbins,218-84-8180,,,"49818 Brittany Prairie Apt. 299, Meghanview, ID 44753",Meghanview,ID,1646,Townhouse,2021-05-18,388619,Contingent on inspection
Frederick Tate,058-30-0526,Krista Gibson,323-33-5297,Jeffrey Henderson,479-94-0888,"43006 Fuller Parkway, Bestland, AK 54952",Bestland,AK,773,Condominium,2022-07-12,253897,Foreclosure
Timothy Long,469-25-5537,Michaela Williams,169-64-2302,Natalie Ortiz,261-79-3210,"9827 Alyssa Causeway Suite 978, Port Robertshire, DE 23727",Port Robertshire,DE,2586,Multi-Family,2024-01-30,727305,
Jennifer Blair,,Mark Perez,033-43-1161,,,"1825 Gregory Plain Suite 823, Brooksfurt, NV 00956",Brooksfurt,NV,2213,Townhouse,2023-02-24,490031,
Jennifer Blair,,Paul Jones,,,,"20472 West Avenue Apt. 043, West Jeffreymouth, CT 20098",West Jeffreymouth,CT,1004,Townhouse,2023-04-01,262721,
Gary Owens,064-27-6884,Denise Davenport,484-32-7484,,,"3875 Bruce Ville, Priceton, OR 86695",Priceton,OR,4842,Multi-Family,2024-07-19,890095,
Paul Young,,Matthew Miller,288-18-8825,Michael Calhoun,,"999 Thomas Fields, Stevenville, NJ 66099",Stevenville,NJ,2899,Single-Family Home,2024-07-29,619819,
Vanessa Patel,129-17-7788,Dr. Ashley James MD,,,,"08484 Wayne Square Suite 211, Hopkinstown, AL 69233",Hopkinstown,AL,2777,Single-Family Home,2022-01-24,755905,Foreclosure
Lindsey Parsons,,Juan Smith,258-26-7260,,,"2025 Kim Road Suite 798, New Meghan, AL 47435",New Meghan,AL,2519,Single-Family Home,2024-03-13,475024,
Paul Young,,Randy Shah,021-98-9433,Michelle Harris,650-34-8281,"072 Carolyn Branch, West Denise, NY 29830",West Denise,NY,1587,Townhouse,2021-02-13,345264,1031 exchange
Sarah Ward,694-41-6980,Anna Chang,047-02-2268,,,"7467 Banks Union Apt. 120, West Lisaburgh, DE 21393",West Lisaburgh,DE,3128,Single-Family Home,2022-09-22,620154,
Christian Lewis,,Christopher Jenkins,508-37-6562,,,"2655 Christopher Inlet, Lake Charles, KY 58793",Lake Charles,KY,,Land/Lot,2021-02-01,171048,
Michelle Harris,650-34-8281,Aaron Hayes,,,,"825 Jeffrey Fork Suite 655, West Connor, DC 34653",West Connor,DC,1038,Condominium,2023-12-29,285538,1031 exchange
Rebecca Ramsey,861-60-2092,Michelle Schmitt,,Raymond Hancock,845-01-8890,"406 Velasquez Summit Apt. 910, Bryantton, OH 56035",Bryantton,OH,1470,Townhouse,2022-07-13,376442,Estate sale
Barbara Anderson,476-86-8703,Shelly Alexander,,Brett Schultz,894-13-7270,"960 Preston Isle, Johnsonview, MO 91008",Johnsonview,MO,9439,Commercial,2023-06-22,2539229,Short sale
Jason Peterson,,Sabrina Austin,659-72-0431,,,"271 Patrick Street Apt. 155, Lake Matthewville, VI 39724",Lake Matthewville,VI,3811,Multi-Family,2024-11-03,718008,Foreclosure
Amanda Juarez,238-09-4332,Keith Knight,894-19-7922,Andrew Clark,811-47-6359,"84498 Nicholas Lane Suite 918, Hardinton, AZ 33476",Hardinton,AZ,1020,Condominium,2023-12-04,348491,
Mary Steele,030-24-4478,Margaret Mullins,106-02-9406,Shannon Mcclure,798-55-3586,"1825 Gregory Plain Suite 823, Brooksfurt, NV 00956",Brooksfurt,NV,2213,Townhouse,2024-05-28,647730,1031 exchange
Joshua Price,380-86-8851,Tyler Medina,008-81-1073,,,"8831 Garcia Underpass Apt. 100, Loriburgh, AK 29636",Loriburgh,AK,4685,Commercial,2023-11-08,759700,Below market
Jennifer Thomas,,Corey Murphy,886-09-4574,Shannon Jones,,"51238 Andrea Isle, Carloston, AS 73881",Carloston,AS,2265,Townhouse,2021-02-20,590660,
Valerie Gray,566-38-5926,Aaron Barber,858-76-9502,,,"03697 Daniel Parks Apt. 893, Rodriguezport, IA 94682",Rodriguezport,IA,3798,Single-Family Home,2022-12-08,790816,
Cameron Cunningham,,Christina Brooks,166-70-8690,,,"5187 Miguel Highway Suite 937, Jonesmouth, VI 48771",Jonesmouth,VI,1360,Townhouse,2021-09-28,358801,
Shelly Alexander,,Annette Miles,874-84-9034,,,"49021 Elizabeth Valley Suite 938, Williamsmouth, NH 08494",Williamsmouth,NH,8491,Commercial,2023-12-24,2180070,Short sale
Morgan Davis,,Jennifer Thomas,,,,"3875 Bruce Ville, Priceton, OR 86695",Priceton,OR,4842,Multi-Family,2023-08-24,1045111,
Mary Steele,030-24-4478,Cynthia Martin,820-23-6756,,,"37524 Sharon Stream Apt. 069, West Stevenside, NE 02551",West Stevenside,NE,8048,Commercial,2023-08-03,2312529,
Michael Mitchell,233-96-1481,Shannon Jones,,,,"999 Thomas Fields, Stevenville, NJ 66099",Stevenville,NJ,2899,Single-Family Home,2022-08-28,745706,
Raymond Hancock,845-01-8890,Brooke Thompson,,,,"6465 Sarah Flats, Kellyfort, OK 78125",Kellyfort,OK,2286,Multi-Family,2021-10-07,510376,Estate sale
Michelle Harris,650-34-8281,Erin Warner,278-40-4119,,,"22356 Thomas Wall Apt. 175, Port Erinhaven, ME 83211",Port Erinhaven,ME,3355,Multi-Family,2024-07-20,654715,Estate sale
Nathan Frank,582-77-1392,Randy Shah,021-98-9433,,,"784 David Court Suite 558, West Angela, CA 48421",West Angela,CA,932,Condominium,2024-09-06,301307,Contingent on inspection
Parker Hill,,Diane Beck,635-43-1531,,,"89023 Mary Gateway Apt. 705, North Larry, NY 92858",North Larry,NY,2317,Multi-Family,2023-06-12,460398,
Matthew Miller,288-18-8825,Julie Howard,313-63-9039,Nicholas Sims,745-10-0306,"84887 Michael Fork, Port Bonniefurt, WI 77781",Port Bonniefurt,WI,3911,Single-Family Home,2022-01-21,747957,
Morgan Marsh,226-63-3596,Tracy Torres,505-15-1593,Rebecca Rodriguez,888-04-2160,"53654 Ashley Crest Apt. 238, Port Austin, AS 06520",Port Austin,AS,,Land/Lot,2022-04-13,276957,Estate sale
Valerie Williams,367-27-4089,Amanda Reese,,,,"685 Campos Dam, Hickmanport, GA 90850",Hickmanport,GA,2006,Multi-Family,2022-04-25,424743,Contingent on inspection
David Grant,427-78-9767,Lindsey Johnson,235-87-9425,,,"27868 Jose Green, Raymondview, IA 92780",Raymondview,IA,,Land/Lot,2021-06-13,231924,Cash sale
Alex Spencer,603-29-0118,Heather Castro,896-53-2533,Misty Whitney,867-72-5993,"05411 Ford Plaza Apt. 793, West Williamport, NH 42644",West Williamport,NH,,Land/Lot,2021-07-07,338125,Foreclosure
Nicholas Martin,389-35-9126,Janet Weeks,521-96-2237,,,"91485 Baker Shoal, Rodriguezberg, FL 64147",Rodriguezberg,FL,1167,Condominium,2024-02-29,328067,Foreclosure
Michael Elliott,224-60-4199,Cindy Hayes,234-53-5554,,,"8662 Miller River, Kristenmouth, NM 39216",Kristenmouth,NM,,Land/Lot,2021-06-11,266991,
Olivia Harris,563-17-4720,Debbie Carpenter,272-05-1777,,,"2190 Kelly Harbor Apt. 842, Ortizfort, MT 60443",Ortizfort,MT,4774,Multi-Family,2022-10-01,978454,1031 exchange
Jacob Tran,,Morgan Davis,,Patrick Arnold,,"5060 Shaw Freeway, Port Samuel, PW 51116",Port Samuel,PW,9504,Commercial,2022-07-22,2957387,
Mary Bryant,350-47-0890,Ashley Gutierrez,571-71-0003,Rebecca Richmond,653-39-8329,"571 Katherine Forges Apt. 554, Port Shawn, OH 72287",Port Shawn,OH,4170,Multi-Family,2022-03-25,1164140,
Olivia Brennan,037-80-1122,Diana Washington,553-17-9356,,,"80003 Thomas Lights, Ericville, MH 20172",Ericville,MH,2162,Single-Family Home,2024-05-09,495471,Short sale
Jennifer Jones,,Erin Warner,278-40-4119,,,"0462 Katie Stream, Isabellaside, AR 85157",Isabellaside,AR,2343,Single-Family Home,2024-01-07,497660,1031 exchange
Jordan York,071-77-1114,Diana Washington,553-17-9356,Dana Kennedy,417-25-1546,"757 Samuel Square, West Larry, NH 59804",West Larry,NH,1938,Townhouse,2021-12-15,583906,Short sale
Heather Lane,218-20-7901,Annette Farmer,641-28-4336,,,"537 Ford Walk, East Shannonmouth, MT 16218",East Shannonmouth,MT,3697,Multi-Family,2021-02-04,663691,Estate sale
Timothy Wagner,481-64-2710,John Allen,,Mr. Martin Hernandez,847-72-0895,"3177 Miller Parks Suite 517, Brentbury, OH 98180",Brentbury,OH,3798,Single-Family Home,2023-10-10,1222114,
Anthony Stone,638-97-8168,Steven Howard,193-22-6610,Michael Calhoun,,"4422 Stacy Ports, Jeffreyshire, GU 51828",Jeffreyshire,GU,3483,Single-Family Home,2024-11-10,866051,
Dana Marshall,625-86-6210,Dana Kennedy,417-25-1546,,,"12432 Kathleen Shoal, Port Michael, VA 10377",Port Michael,VA,3935,Single-Family Home,2021-05-13,804321,
Savannah Garcia,,Erik Williams,,,,"8815 Steven Grove, Jessicastad, MO 59430",Jessicastad,MO,,Land/Lot,2021-09-10,369106,Contingent on inspection
Erin Warner,278-40-4119,Christina Brooks,166-70-8690,,,"182 Nguyen Mount, Lake Jasonview, WV 15437",Lake Jasonview,WV,4855,Multi-Family,2023-11-06,768749,
Michael Mitchell,233-96-1481,Julie Curry,054-45-3674,Derek Anderson,661-39-7492,"86688 Paul Glens Apt. 517, Meredithberg, AS 49138",Meredithberg,AS,1265,Townhouse,2023-08-02,312601,
Tyler Holmes,052-72-4083,Michelle Harris,650-34-8281,,,"6291 Hansen Row Suite 281, Christopherberg, PW 85176",Christopherberg,PW,3466,Single-Family Home,2023-05-18,672045,
Brenda White,,Richard Baker,639-89-6513,,,"9930 Jackson Roads Suite 230, South Brandytown, PA 75548",South Brandytown,PA,,Land/Lot,2021-04-17,267797,
Paul Jones,,Lisa Allen,,,,"1418 Terri Drives, Milesland, SC 70806",Milesland,SC,1955,Townhouse,2021-08-16,470812,Foreclosure
Kevin Lynn,,Tara Gamble,,,,"3364 Taylor Street, Lindseychester, GA 43959",Lindseychester,GA,,Land/Lot,2022-04-04,194107,
John Allen,,Mr. Martin Hernandez,847-72-0895,Timothy Wagner,481-64-2710,"3177 Miller Parks Suite 517, Brentbury, OH 98180",Brentbury,OH,3798,Single-Family Home,2023-11-04,1448432,
Shannon Smith,,Kimberly Robinson,604-36-0107,Heather Foster,601-26-8483,"8815 Steven Grove, Jessicastad, MO 59430",Jessicastad,MO,,Land/Lot,2024-09-20,399318,
Autumn Smith,671-27-5176,John Hall,880-11-4642,,,"9562 Julie Mission Apt. 138, West Angie, NJ 53003",West Angie,NJ,605,Condominium,2022-02-05,222076,
Tracy Torres,505-15-1593,Cynthia Wilson,584-32-9486,,,"622 Patel Forks Suite 160, Keithville, AL 57677",Keithville,AL,1497,Condominium,2021-07-21,442488,Short sale
Savannah Garcia,,Joshua Kim,613-06-7079,,,"51238 Andrea Isle, Carloston, AS 73881",Carloston,AS,2265,Townhouse,2024-12-24,496021,Cash sale
Paul Thompson,136-70-5995,Richard Baker,639-89-6513,,,"06038 Fields Square, Cuevasborough, VA 01758",Cuevasborough,VA,901,Condominium,2021-06-23,302299,Estate sale
Cynthia Wilson,584-32-9486,Erik Williams,,,,"0148 Harry Vista Suite 039, New Samanthabury, IL 19400",New Samanthabury,IL,,Land/Lot,2024-01-02,240286,Cash sale
Caleb King,719-20-3367,Lindsey Parsons,,Michael Calhoun,,"5779 Warren Dam Suite 231, Kaufmanbury, NC 67942",Kaufmanbury,NC,,Land/Lot,2024-03-03,177432,
John Peterson,053-33-7828,Robert Evans,680-14-2201,,,"960 Preston Isle, Johnsonview, MO 91008",Johnsonview,MO,9439,Commercial,2024-10-17,2619245,Estate sale
Charles Frost,,Rebecca Mendez,701-91-0853,,,"09883 Emily Lake Apt. 021, Port Diane, AS 36668",Port Diane,AS,,Land/Lot,2024-02-11,397818,
Shannon Smith,,Mario Skinner,,Brian Bruce,377-15-4565,"49021 Elizabeth Valley Suite 938, Williamsmouth, NH 08494",Williamsmouth,NH,8491,Commercial,2022-08-22,2492375,
Thomas Schmidt,,Zachary Ferrell,076-69-3493,,,"1825 Gregory Plain Suite 823, Brooksfurt, NV 00956",Brooksfurt,NV,2213,Townhouse,2023-11-09,470830,
Mrs. Brittany Ryan MD,,Christian Lewis,,Jeffrey Daniels,310-79-8667,"53654 Ashley Crest Apt. 238, Port Austin, AS 06520",Port Austin,AS,,Land/Lot,2022-09-24,302927,
Margaret Mullins,106-02-9406,Aaron Barber,858-76-9502,Shelly Alexander,,"22927 Robert Springs Apt. 794, Nancyberg, PA 99118",Nancyberg,PA,2138,Townhouse,2024-09-04,525290,Estate sale
Paul Young,,Jonathan Peterson,870-54-8032,,,"696 Michael Vista Suite 924, Emilyfort, NC 81042",Emilyfort,NC,2035,Townhouse,2023-03-23,536926,Cash sale
Kimberly Smith,,Janet Ross,152-84-0091,,,"8149 Tyler Pass Suite 079, Port Rachelmouth, AS 22374",Port Rachelmouth,AS,6991,Commercial,2022-03-09,2209135,Foreclosure
Trevor Fisher,,Adam Jones,708-20-8939,Gina Wilson,078-19-3697,"8662 Miller River, Kristenmouth, NM 39216",Kristenmouth,NM,,Land/Lot,2023-06-27,228227,1031 exchange
Mark Lewis,702-55-1703,Tyler Medina,008-81-1073,Ronald Johns,760-56-1182,"10248 Bailey Forks, North Stephen, MA 34402",North Stephen,MA,,Land/Lot,2023-06-21,237122,
Dr. Ashley James MD,,Joseph Ramos,285-24-9591,,,"05411 Ford Plaza Apt. 793, West Williamport, NH 42644",West Williamport,NH,,Land/Lot,2024-07-22,203302,Foreclosure
Pamela Romero,,Krista Gibson,323-33-5297,,,"20472 West Avenue Apt. 043, West Jeffreymouth, CT 20098",West Jeffreymouth,CT,1004,Townhouse,2022-11-07,222838,Cash sale
Lisa Allen,,Norman Cook,422-86-4066,,,"685 Campos Dam, Hickmanport, GA 90850",Hickmanport,GA,2006,Multi-Family,2021-03-28,348461,Contingent on inspection
Rebecca Richmond,653-39-8329,Mary Bryant,350-47-0890,Ashley Gutierrez,571-71-0003,"571 Katherine Forges Apt. 554, Port Shawn, OH 72287",Port Shawn,OH,4170,Multi-Family,2022-03-11,982243,
Nathan Frank,582-77-1392,Margaret Mullins,106-02-9406,,,"2059 Anthony Valleys Suite 078, Robertahaven, MD 47350",Robertahaven,MD,611,Condominium,2023-05-01,193090,Short sale
Jennifer Jones,,Nicole Chambers,231-26-2415,,,"1545 Green Station, Annaport, ME 85890",Annaport,ME,1766,Single-Family Home,2022-10-14,473378,
Alicia Hubbard,,Paul Carroll,296-57-2038,,,"2456 Williams Center, Mitchelltown, PR 75248",Mitchelltown,PR,4032,Commercial,2023-06-20,919706,Cash sale
Jeffrey Chavez,740-93-4316,Nathan Frank,582-77-1392,Michael Calhoun,,"0462 Katie Stream, Isabellaside, AR 85157",Isabellaside,AR,2343,Single-Family Home,2024-02-02,570782,
Aaron Barber,858-76-9502,Angela Patterson,888-60-2978,David Grant,427-78-9767,"103 Burns Mission Apt. 798, West Micheal, NH 46344",West Micheal,NH,,Land/Lot,2021-12-26,258382,
William Richardson,661-46-0993,Shannon Smith,,Heather Foster,601-26-8483,"20472 West Avenue Apt. 043, West Jeffreymouth, CT 20098",West Jeffreymouth,CT,1004,Townhouse,2022-06-20,279109,
Michaela Williams,169-64-2302,Natalie Ortiz,261-79-3210,,,"9827 Alyssa Causeway Suite 978, Port Robertshire, DE 23727",Port Robertshire,DE,2586,Multi-Family,2024-01-03,454566,
Valerie Gray,566-38-5926,Steve Newton,160-35-4617,,,"02578 Hernandez Passage, East Carrie, MO 18822",East Carrie,MO,1444,Condominium,2023-06-23,462236,Estate sale
Morgan Davis,,Janice Carlson,480-68-4120,,,"7569 Kevin Rapids Apt. 752, East Kevinfurt, MA 52699",East Kevinfurt,MA,1345,Condominium,2023-08-27,472025,Estate sale
Annette Farmer,641-28-4336,Erin Warner,278-40-4119,,,"5060 Shaw Freeway, Port Samuel, PW 51116",Port Samuel,PW,9504,Commercial,2024-02-15,3037916,
Annette Miles,874-84-9034,Patrick Arnold,,Doris Hall,724-37-7439,"786 Frye Mount Suite 854, Lake Devinborough, OH 80464",Lake Devinborough,OH,,Land/Lot,2024-05-16,64437,Cash sale
John Peterson,053-33-7828,Diana Washington,553-17-9356,,,"60422 Dustin Islands, Ashleyhaven, MH 32948",Ashleyhaven,MH,1506,Commercial,2023-10-30,403362,1031 exchange
Susan Hopkins,,Michael Mitchell,233-96-1481,Michelle Schmitt,,"0714 Knapp Corner, South Neil, NH 15714",South Neil,NH,4148,Single-Family Home,2021-02-28,956109,
Samantha White,,Kevin Lynn,,,,"537 Ford Walk, East Shannonmouth, MT 16218",East Shannonmouth,MT,3697,Multi-Family,2024-09-07,309897,Below market
James Lewis,335-44-6212,Jeffrey Meyer,826-69-3229,Joshua Kim,613-06-7079,"53654 Ashley Crest Apt. 238, Port Austin, AS 06520",Port Austin,AS,,Land/Lot,2021-05-31,77517,Cash sale
David Baker,811-81-9664,Shannon Smith,,Billy Mitchell,,"406 Velasquez Summit Apt. 910, Bryantton, OH 56035",Bryantton,OH,1470,Townhouse,2023-03-21,457088,Cash sale
Cameron Cunningham,,Arthur Colon,,,,"9930 Jackson Roads Suite 230, South Brandytown, PA 75548",South Brandytown,PA,,Land/Lot,2024-11-13,292735,
Laura Hines,,Nathan Stewart,761-69-3034,Misty Whitney,867-72-5993,"4422 Stacy Ports, Jeffreyshire, GU 51828",Jeffreyshire,GU,3483,Single-Family Home,2023-07-28,932434,
Michael Fox,,Elizabeth Kelley,,,,"9772 Maria Rapid, Lake Jessicaport, CO 19206",Lake Jessicaport,CO,5402,Multi-Family,2021-09-20,432202,Below market
Ana Hill,649-75-8985,Melissa Hernandez,831-73-4979,Rebecca Rodriguez,888-04-2160,"1820 Jasmine Mill, Masonton, NV 69191",Masonton,NV,1750,Single-Family Home,2022-04-20,371618,
Curtis Baker,536-26-5865,Elizabeth Williams,509-27-7876,,,"3744 Williams Via, North Kimberly, CA 23399",North Kimberly,CA,5713,Multi-Family,2023-01-03,1261019,
Vincent Smith,,Rebecca Mendez,701-91-0853,Charles Frost,,"90669 Dawson Ranch Apt. 277, Davisview, IN 01904",Davisview,IN,2729,Commercial,2024-01-11,631856,
Benjamin Beck,339-80-5144,Jeremy Young,,,,"35733 Eric Hill Apt. 888, Romerotown, MN 05448",Romerotown,MN,1157,Condominium,2023-04-22,357134,Foreclosure
Misty Whitney,867-72-5993,Brian Bruce,377-15-4565,Rachael Pearson,773-04-4052,"5060 Shaw Freeway, Port Samuel, PW 51116",Port Samuel,PW,9504,Commercial,2021-10-19,2803792,Short sale
Juan Tran,096-29-1859,Jeffrey Sanchez,,Michael Calhoun,,"2456 Williams Center, Mitchelltown, PR 75248",Mitchelltown,PR,4032,Commercial,2024-02-18,1265138,
Tyler Reid,849-59-2507,Dustin Jordan,,Mrs. Brittany Ryan MD,,"8313 Joel Park, Patriciaburgh, VT 03946",Patriciaburgh,VT,2712,Single-Family Home,2024-09-15,713926,
Susan Rivas,264-62-4836,Robert Stevens,313-30-3653,,,"68733 Williams Haven, Jimenezport, NM 65367",Jimenezport,NM,8158,Commercial,2024-03-06,2301740,
Paul Thompson,136-70-5995,Renee Bruce,,Erik Scott,157-88-7771,"5171 Jason Street Suite 962, West Nancy, AZ 81261",West Nancy,AZ,1765,Condominium,2022-12-21,584580,1031 exchange
Ana Hill,649-75-8985,Phillip Clark,222-30-5384,Morgan Marsh,226-63-3596,"825 Jeffrey Fork Suite 655, West Connor, DC 34653",West Connor,DC,1038,Condominium,2021-01-11,390107,
Colton Martinez,869-59-1502,David Johnson,575-42-9996,,,"941 Wendy Flat, East Madison, MN 85171",East Madison,MN,,Land/Lot,2024-05-28,291758,
James Lewis,335-44-6212,Michael Mitchell,233-96-1481,,,"53654 Ashley Crest Apt. 238, Port Austin, AS 06520",Port Austin,AS,,Land/Lot,2023-06-26,215898,Estate sale
Jeffrey Henderson,479-94-0888,Richard Baker,639-89-6513,Angela Patterson,888-60-2978,"1778 Anderson Village, Hammondshire, CA 72761",Hammondshire,CA,1480,Condominium,2023-10-26,513548,Short sale
Corey Murphy,886-09-4574,Robert Stevens,313-30-3653,Gina Wilson,078-19-3697,"68685 Stone Well, Port Brooke, MD 02121",Port Brooke,MD,3061,Multi-Family,2022-09-15,487106,1031 exchange
Shannon Smith,,Kimberly Burgess,,Jacob Tran,,"2655 Christopher Inlet, Lake Charles, KY 58793",Lake Charles,KY,,Land/Lot,2023-10-06,120880,Estate sale
Andrea Martin,,Elizabeth Kelley,,,,"06038 Fields Square, Cuevasborough, VA 01758",Cuevasborough,VA,901,Condominium,2023-12-28,275659,Cash sale
Jeffrey Daniels,310-79-8667,Anthony Rodriguez,643-21-6917,,,"51238 Andrea Isle, Carloston, AS 73881",Carloston,AS,2265,Townhouse,2023-12-28,578340,Short sale
William Richardson,661-46-0993,Erik Williams,,Erin Johnson,,"2513 Haas Expressway, East Carriebury, SC 83887",East Carriebury,SC,848,Condominium,2023-07-25,225061,
Megan Le,676-88-2241,Thomas Schmidt,,Laura Hines,,"995 Hernandez Cliff Suite 744, Port Courtney, NH 78019",Port Courtney,NH,6405,Commercial,2021-07-03,1651254,Estate sale
James Baker,127-59-6039,Nicholas Sheppard,277-79-8818,,,"722 Jennifer Mount Apt. 430, Lisaburgh, MP 26645",Lisaburgh,MP,2566,Single-Family Home,2023-08-22,484218,Contingent on inspection
Mary Marshall,,Annette Miles,874-84-9034,Dana Marshall,625-86-6210,"103 Burns Mission Apt. 798, West Micheal, NH 46344",West Micheal,NH,,Land/Lot,2024-02-04,243374,
John Price,,Hannah Patterson,,,,"072 Carolyn Branch, West Denise, NY 29830",West Denise,NY,1587,Townhouse,2021-06-17,420635,Contingent on inspection
Anna Chang,047-02-2268,Carolyn Howard,449-80-4396,Sarah Ward,694-41-6980,"7467 Banks Union Apt. 120, West Lisaburgh, DE 21393",West Lisaburgh,DE,3128,Single-Family Home,2022-10-07,837207,
Victor Waller,464-18-2264,Carrie Ochoa,107-50-9840,Erica Keith,429-78-4068,"833 Claudia Highway Suite 228, Morrisonhaven, ME 71606",Morrisonhaven,ME,,Land/Lot,2022-02-16,144664,
Taylor Coleman,,Dr. Ashley James MD,,,,"0614 Gonzalez Burg, South Ashleyfort, FL 27626",South Ashleyfort,FL,4509,Multi-Family,2023-08-28,772114,
William Richardson,661-46-0993,Krista Gibson,323-33-5297,Lindsey Johnson,235-87-9425,"1418 Terri Drives, Milesland, SC 70806",Milesland,SC,1955,Townhouse,2024-08-26,605898,1031 exchange
Elizabeth Williams,509-27-7876,Aaron Powers,114-74-8096,Curtis Baker,536-26-5865,"3744 Williams Via, North Kimberly, CA 23399",North Kimberly,CA,5713,Multi-Family,2023-01-22,1702375,
Ronald Johns,760-56-1182,Tyler Medina,008-81-1073,,,"61809 Katelyn Prairie Apt. 158, Hughesfurt, NE 14412",Hughesfurt,NE,11270,Commercial,2023-08-02,3531446,
Kimberly Smith,,Krista Gibson,323-33-5297,Marie Kim DDS,124-32-3682,"80003 Thomas Lights, Ericville, MH 20172",Ericville,MH,2162,Single-Family Home,2021-01-24,454752,Contingent on inspection
Joseph Ramos,285-24-9591,Savannah Garcia,,Aaron Hayes,,"49021 Elizabeth Valley Suite 938, Williamsmouth, NH 08494",Williamsmouth,NH,8491,Commercial,2023-07-25,1883548,1031 exchange
Kimberly Gibson,330-25-3913,Michael Elliott,224-60-4199,Heather Fields,,"5060 Shaw Freeway, Port Samuel, PW 51116",Port Samuel,PW,9504,Commercial,2024-09-29,2217239,Short sale
Linda Dodson DVM,,Janet Ross,152-84-0091,,,"1778 Anderson Village, Hammondshire, CA 72761",Hammondshire,CA,1480,Condominium,2023-03-16,224944,Below market
Elizabeth Sutton,825-16-9273,Shannon Smith,,Thomas Ellis,272-18-4041,"5655 Nelson Club Apt. 291, Batesberg, IA 20870",Batesberg,IA,2693,Commercial,2023-01-16,702414,Short sale
Belinda Mccullough,,Derek Anderson,661-39-7492,Heather Foster,601-26-8483,"396 Tyler Road Suite 473, Port Michelleland, AZ 90284",Port Michelleland,AZ,2665,Single-Family Home,2024-11-26,668712,
Cameron Fisher,,Paul Jones,,,,"2353 Hudson Gardens Suite 854, Lake Dustin, KS 64545",Lake Dustin,KS,2392,Townhouse,2024-10-05,714642,Contingent on inspection
Mario Skinner,,Mrs. Brittany Ryan MD,,,,"622 Patel Forks Suite 160, Keithville, AL 57677",Keithville,AL,1497,Condominium,2023-09-20,419804,Short sale
Ellen Morgan,007-24-2348,Raymond Hancock,845-01-8890,,,"93638 Rowe Light Suite 854, East Sharonville, WA 34784",East Sharonville,WA,1644,Single-Family Home,2023-09-28,447254,Foreclosure
Marie Kim DDS,124-32-3682,Annette Farmer,641-28-4336,,,"35733 Eric Hill Apt. 888, Romerotown, MN 05448",Romerotown,MN,1157,Condominium,2024-12-26,321380,
Morgan Marsh,226-63-3596,Janet Weeks,521-96-2237,,,"22927 Robert Springs Apt. 794, Nancyberg, PA 99118",Nancyberg,PA,2138,Townhouse,2021-04-14,514478,Foreclosure
Desiree Smith,196-11-3955,Christopher Smith,547-17-4495,Brian Bruce,377-15-4565,"8662 Miller River, Kristenmouth, NM 39216",Kristenmouth,NM,,Land/Lot,2022-05-02,110287,
Mrs. Brittany Ryan MD,,Sarah Phelps,,,,"1418 Terri Drives, Milesland, SC 70806",Milesland,SC,1955,Townhouse,2021-10-26,463178,
Ronald Johns,760-56-1182,Steve Newton,160-35-4617,,,"53654 Ashley Crest Apt. 238, Port Austin, AS 06520",Port Austin,AS,,Land/Lot,2023-07-26,197908,Below market
Rachel Carlson,,Mason Johnson,491-52-6985,,,"56915 Morris Estate Suite 752, Port Daniel, NC 93192",Port Daniel,NC,9111,Commercial,2022-12-07,2135133,Short sale
Anthony Carter,,Maria Lynch,,,,"2655 Christopher Inlet, Lake Charles, KY 58793",Lake Charles,KY,,Land/Lot,2022-02-25,331449,
Debbie Carpenter,272-05-1777,Aaron Hayes,,,,"1545 Green Station, Annaport, ME 85890",Annaport,ME,1766,Single-Family Home,2021-03-24,363657,
Maria Lynch,,Kevin Hayes,227-79-0711,,,"27279 Perry Plaza, Hannahport, MN 62213",Hannahport,MN,648,Condominium,2023-06-17,234843,
Dana Kennedy,417-25-1546,Paige Carlson,103-25-4854,Paul Carroll,296-57-2038,"0614 Gonzalez Burg, South Ashleyfort, FL 27626",South Ashleyfort,FL,4509,Multi-Family,2024-02-29,903530,
Susan Rivas,264-62-4836,Carmen Smith,400-34-7455,,,"6471 King Gateway Suite 993, Trevorland, GA 60513",Trevorland,GA,,Land/Lot,2023-05-25,223852,Contingent on inspection
Carmen Smith,400-34-7455,Joshua Price,380-86-8851,Michael Calhoun,,"833 Claudia Highway Suite 228, Morrisonhaven, ME 71606",Morrisonhaven,ME,,Land/Lot,2022-05-25,312669,
Amber Obrien,509-37-3771,Paul Thompson,136-70-5995,Michael Calhoun,,"5905 Mark Point Suite 449, West Nathan, LA 20210",West Nathan,LA,1136,Townhouse,2024-02-16,303777,
Jordan Frazier,,Parker Hill,,,,"0345 Michelle Isle Suite 156, West Sarahhaven, MO 52932",West Sarahhaven,MO,1136,Condominium,2022-09-27,310467,
Erin Warner,278-40-4119,Paige Carlson,103-25-4854,,,"80003 Thomas Lights, Ericville, MH 20172",Ericville,MH,2162,Single-Family Home,2021-11-01,410886,
Olivia Harris,563-17-4720,Roberta Hughes,680-84-2493,,,"59774 Shaw Manor Apt. 392, Youngbury, ME 33269",Youngbury,ME,1302,Condominium,2022-04-02,215627,Below market
Joshua Kim,613-06-7079,Edward Novak,594-95-8884,Jane Harper,302-59-8283,"656 Alex Green, Lake Elizabeth, GA 29599",Lake Elizabeth,GA,2258,Townhouse,2021-10-27,510894,
Lisa Barnes,598-73-8566,Erin Johnson,,Jeffrey Daniels,310-79-8667,"12172 Osborn Valleys Suite 518, Lewisport, UT 71564",Lewisport,UT,1717,Condominium,2021-12-03,548145,Short sale
Belinda Mccullough,,Heather Lane,218-20-7901,Rachel Carlson,,"0148 Harry Vista Suite 039, New Samanthabury, IL 19400",New Samanthabury,IL,,Land/Lot,2021-10-15,158093,1031 exchange
Maria Kerr,,Brandi Bailey,071-32-6055,Adam Jones,708-20-8939,"3159 Novak Islands, New Juliestad, AR 04384",New Juliestad,AR,10321,Commercial,2023-01-23,2940670,Foreclosure
Rachael Pearson,773-04-4052,Kimberly Burgess,,,,"786 Frye Mount Suite 854, Lake Devinborough, OH 80464",Lake Devinborough,OH,,Land/Lot,2023-05-06,152163,
Jane Harper,302-59-8283,Jennifer Jones,,,,"0148 Harry Vista Suite 039, New Samanthabury, IL 19400",New Samanthabury,IL,,Land/Lot,2023-04-18,154362,Estate sale
